date,weekday,n1,n2,n3,n4,n5,s1,s2,jackpot_eur,jackpot_won
2004-02-13,Fri,16,29,32,36,41,7,9,15000000.00,1
2004-02-20,Fri,7,13,39,47,50,2,5,15000000.00,0
2004-02-27,Fri,14,18,19,31,37,4,5,17750473.00,0
2004-03-05,Fri,4,7,33,37,39,1,5,20678070.00,1
2004-03-12,Fri,15,24,28,44,47,4,5,15000000.00,0
2004-03-19,Fri,33,36,37,42,45,4,9,17411777.00,0
2004-03-26,Fri,3,4,10,23,43,2,4,20147534.00,0
2004-04-02,Fri,4,12,24,27,36,2,9,22930640.00,0
2004-04-09,Fri,1,4,10,19,23,2,8,25556285.00,1
2004-04-16,Fri,14,15,28,35,40,1,3,15011353.00,0
2004-04-23,Fri,6,10,21,45,49,3,5,20000000.00,0
2004-04-30,Fri,5,6,16,23,27,6,7,25007266.00,0
2004-05-07,Fri,15,16,21,36,38,1,5,29999234.00,0
2004-05-14,Fri,1,3,21,32,39,2,6,33816137.00,1
2004-05-21,Fri,15,29,37,39,49,4,9,10000000.00,1
2004-05-28,Fri,6,11,35,41,44,5,6,10000000.00,0
2004-06-04,Fri,9,13,34,41,42,3,7,12488171.00,1
2004-06-11,Fri,2,7,8,10,47,1,7,10000000.00,0
2004-06-18,Fri,2,23,28,40,43,2,6,12286876.00,1
2004-06-25,Fri,3,21,30,34,35,1,2,10000000.00,0
2004-07-02,Fri,4,23,24,28,34,1,3,12215040.00,0
2004-07-09,Fri,2,5,12,19,44,8,9,14571040.00,0
2004-07-16,Fri,24,26,31,38,50,5,8,16962299.00,0
2004-07-23,Fri,7,10,27,31,34,3,8,19342755.00,0
2004-07-30,Fri,9,10,19,37,50,1,6,22082923.00,0
2004-08-06,Fri,5,15,24,35,44,5,6,24746858.00,1
2004-08-13,Fri,20,27,41,43,50,5,8,10000000.00,0
2004-08-20,Fri,6,9,10,27,35,6,8,12317818.00,0
2004-08-27,Fri,1,11,22,28,44,1,9,14709804.00,0
2004-09-03,Fri,8,12,14,15,34,6,7,17305121.00,0
2004-09-10,Fri,5,25,33,36,38,2,5,20061218.00,0
2004-09-17,Fri,15,18,29,39,41,5,8,23039325.00,0
2004-09-24,Fri,21,26,27,44,48,1,7,26260777.00,0
2004-10-01,Fri,12,20,21,45,48,5,6,29785269.00,1
2004-10-08,Fri,1,10,12,16,48,2,6,10000000.00,0
2004-10-15,Fri,14,21,22,37,43,5,8,17276072.00,0
2004-10-22,Fri,1,9,23,25,40,3,9,25059130.00,1
2004-10-29,Fri,1,8,32,35,38,4,9,10000000.00,0
2004-11-05,Fri,6,19,25,42,49,1,7,17253134.00,0
2004-11-12,Fri,4,11,12,13,32,3,9,24828113.00,0
2004-11-19,Fri,1,18,29,34,37,2,6,33437557.00,0
2004-11-26,Fri,1,4,24,34,36,6,8,43756502.00,1
2004-12-03,Fri,1,11,15,42,49,3,4,10000000.00,0
2004-12-10,Fri,1,3,13,16,43,2,7,17892320.00,0
2004-12-17,Fri,15,19,22,46,49,2,9,26215627.00,1
2004-12-24,Fri,3,4,27,29,37,5,6,10000000.00,1
2004-12-31,Fri,7,8,24,25,47,8,9,10000000.00,0
2005-01-07,Fri,3,23,27,47,50,2,3,17730870.00,0
2005-01-14,Fri,6,11,14,19,29,1,3,26007362.00,1
2005-01-21,Fri,10,12,14,24,26,5,8,10000000.00,0
2005-01-28,Fri,7,21,26,43,45,5,7,17700365.00,0
2005-02-04,Fri,1,8,11,30,40,7,8,25868030.00,0
2005-02-11,Fri,11,13,25,32,50,4,7,34776948.00,1
2005-02-18,Fri,20,21,26,32,46,8,9,10000000.00,1
2005-02-25,Fri,3,27,30,43,44,4,8,10000000.00,0
2005-03-04,Fri,12,24,32,37,39,7,9,17882839.00,0
2005-03-11,Fri,8,12,23,40,43,1,4,26371829.00,0
2005-03-18,Fri,6,23,39,43,48,5,7,35429502.00,0
2005-03-25,Fri,4,29,33,37,38,6,9,45218910.00,0
2005-04-01,Fri,25,26,41,44,47,3,7,53793484.00,0
2005-04-08,Fri,7,11,25,31,50,1,3,64040749.00,1
2005-04-15,Fri,6,28,31,38,42,3,9,15000000.00,0
2005-04-22,Fri,3,10,13,24,47,5,9,23749558.00,1
2005-04-29,Fri,3,9,35,39,42,1,8,15000000.00,0
2005-05-06,Fri,7,12,21,26,44,6,8,23445886.00,0
2005-05-13,Fri,12,17,31,32,40,2,9,33145554.00,0
2005-05-20,Fri,6,7,13,28,47,5,8,43020745.00,1
2005-05-27,Fri,2,24,31,48,50,4,9,15000000.00,0
2005-06-03,Fri,3,8,11,17,50,1,5,23507298.00,0
2005-06-10,Fri,6,7,32,37,47,1,7,32391354.00,0
2005-06-17,Fri,4,8,10,18,21,1,7,41857660.00,0
2005-06-24,Fri,6,8,14,15,45,7,8,51872294.00,0
2005-07-01,Fri,4,5,23,25,28,3,4,60359278.00,0
2005-07-08,Fri,35,36,42,46,49,2,8,70600239.00,0
2005-07-15,Fri,1,11,12,23,42,3,6,82972942.00,0
2005-07-22,Fri,3,14,41,48,49,1,4,97582726.00,0
2005-07-29,Fri,3,19,26,49,50,4,5,115436126.00,1
2005-08-05,Fri,2,11,21,22,30,4,6,15000000.00,0
2005-08-12,Fri,15,23,30,37,40,7,9,25184643.00,0
2005-08-19,Fri,11,24,29,31,41,1,3,35412950.00,0
2005-08-26,Fri,9,29,35,40,41,1,6,46170680.00,0
2005-09-02,Fri,3,4,14,43,50,3,6,57539078.00,0
2005-09-09,Fri,8,12,19,31,50,6,7,66468466.00,0
2005-09-16,Fri,12,13,19,21,38,3,9,75888514.00,1
2005-09-23,Fri,1,26,31,34,47,4,9,15000000.00,0
2005-09-30,Fri,6,11,47,48,50,1,6,25066380.00,1
2005-10-07,Fri,2,13,21,26,44,3,9,15000000.00,1
2005-10-14,Fri,10,11,19,20,23,1,6,15000000.00,1
2005-10-21,Fri,1,14,19,29,33,1,8,15000000.00,0
2005-10-28,Fri,14,36,44,47,50,3,5,24563824.00,0
2005-11-04,Fri,26,36,37,38,42,2,6,34611593.00,0
2005-11-11,Fri,15,16,36,41,42,3,5,45117030.00,1
2005-11-18,Fri,17,18,25,34,48,2,3,15000000.00,0
2005-11-25,Fri,1,6,27,39,47,1,6,24557717.00,0
2005-12-02,Fri,1,9,20,23,30,4,7,34551861.00,0
2005-12-09,Fri,11,18,35,38,42,1,5,45082261.00,0
2005-12-16,Fri,2,3,15,18,32,6,7,56331937.00,0
2005-12-23,Fri,15,31,36,37,42,1,7,66205360.00,0
2005-12-30,Fri,8,16,19,43,45,1,4,77307934.00,0
2006-01-06,Fri,2,6,9,14,26,4,5,89502969.00,0
2006-01-13,Fri,8,12,19,33,34,1,6,107489015.00,0
2006-01-20,Fri,12,15,33,44,50,2,6,127461405.00,0
2006-01-27,Fri,9,15,21,40,49,1,4,152882223.00,0
2006-02-03,Fri,9,21,30,39,50,1,3,61191026.00,1
2006-02-10,Fri,5,6,38,48,50,6,7,15000000.00,0
2006-02-17,Fri,4,23,24,26,38,2,4,27813382.00,1
2006-02-24,Fri,1,11,18,19,47,3,7,15000000.00,0
2006-03-03,Fri,3,5,8,10,44,3,5,26842720.00,0
2006-03-10,Fri,1,21,33,45,49,4,8,39080313.00,0
2006-03-17,Fri,5,32,44,45,50,1,7,51865203.00,0
2006-03-24,Fri,17,28,33,35,47,4,9,65117842.00,0
2006-03-31,Fri,3,20,31,45,50,6,7,75753123.00,1
2006-04-07,Fri,12,13,29,44,50,4,5,15000000.00,0
2006-04-14,Fri,16,26,34,35,49,2,6,25915863.00,1
2006-04-21,Fri,1,20,22,37,46,1,9,15000000.00,0
2006-04-28,Fri,5,10,17,22,33,5,7,25811932.00,1
2006-05-05,Fri,4,8,14,16,50,3,9,15000000.00,0
2006-05-12,Fri,5,20,23,34,50,1,5,25640376.00,1
2006-05-19,Fri,3,5,25,34,49,5,8,15000000.00,1
2006-05-26,Fri,2,12,21,41,49,3,7,15000000.00,1
2006-06-02,Fri,7,8,27,41,48,1,6,15000000.00,0
2006-06-09,Fri,3,12,15,34,39,4,6,25187106.00,0
2006-06-16,Fri,1,16,26,30,36,3,9,35662151.00,0
2006-06-23,Fri,9,21,30,43,44,1,9,46811686.00,0
2006-06-30,Fri,6,15,16,40,43,1,2,58765947.00,0
2006-07-07,Fri,7,9,18,35,43,5,7,68408266.00,1
2006-07-14,Fri,1,7,17,31,36,2,8,15000000.00,0
2006-07-21,Fri,2,4,9,38,50,6,8,25042525.00,1
2006-07-28,Fri,3,8,12,29,43,6,7,15000000.00,0
2006-08-04,Fri,1,14,15,26,32,3,7,24977576.00,0
2006-08-11,Fri,27,28,31,46,47,2,5,35197614.00,0
2006-08-18,Fri,12,37,39,40,50,1,2,45929071.00,0
2006-08-25,Fri,10,28,40,47,48,6,8,57414511.00,1
2006-09-01,Fri,3,7,25,45,50,6,9,15000000.00,0
2006-09-08,Fri,1,10,12,32,33,1,8,25256582.00,0
2006-09-15,Fri,6,10,16,26,49,7,9,35980458.00,0
2006-09-22,Fri,10,29,30,45,49,3,8,47213250.00,0
2006-09-29,Fri,1,3,6,18,24,5,8,59132969.00,0
2006-10-06,Fri,5,11,22,35,38,7,8,69208821.00,0
2006-10-13,Fri,2,25,32,38,41,3,5,82724344.00,0
2006-10-20,Fri,10,19,34,45,47,3,6,96837646.00,0
2006-10-27,Fri,3,4,8,44,50,7,8,113230830.00,0
2006-11-03,Fri,11,13,24,44,49,3,9,131523149.00,0
2006-11-10,Fri,14,21,27,30,36,2,3,153564446.00,0
2006-11-17,Fri,12,22,32,33,36,2,6,183109057.00,0
2006-11-24,Fri,5,8,17,25,40,1,5,15000000.00,1
2006-12-01,Fri,4,8,16,37,41,2,5,15000000.00,0
2006-12-08,Fri,16,17,18,36,47,1,2,26982938.00,0
2006-12-15,Fri,9,23,35,37,42,3,7,39640846.00,0
2006-12-22,Fri,9,11,20,38,43,2,3,53119776.00,0
2006-12-29,Fri,6,9,13,14,35,3,4,66983487.00,0
2007-01-05,Fri,17,19,29,36,45,5,6,78312156.00,1
2007-01-12,Fri,8,11,14,19,25,3,5,15000000.00,1
2007-01-19,Fri,5,13,27,33,42,2,4,15000000.00,1
2007-01-26,Fri,11,15,23,30,38,4,9,15000000.00,0
2007-02-02,Fri,14,23,27,30,36,1,6,27173863.00,1
2007-02-09,Fri,14,16,30,36,46,2,8,100000000.00,1
2007-02-16,Fri,8,19,20,39,50,6,9,15000000.00,0
2007-02-23,Fri,2,15,18,20,22,2,5,28224029.00,0
2007-03-02,Fri,3,16,34,38,48,5,8,42201702.00,1
2007-03-09,Fri,2,3,25,43,48,6,9,15000000.00,0
2007-03-16,Fri,4,14,31,45,49,4,9,27699320.00,0
2007-03-23,Fri,5,13,17,40,43,1,3,41023864.00,1
2007-03-30,Fri,9,17,19,41,46,1,8,15000000.00,0
2007-04-06,Fri,15,23,29,41,48,3,6,26945909.00,1
2007-04-13,Fri,7,20,25,38,41,3,7,15000000.00,1
2007-04-20,Fri,23,26,32,41,45,3,7,15000000.00,0
2007-04-27,Fri,7,18,27,36,44,1,2,26851564.00,0
2007-05-04,Fri,6,17,35,41,45,1,5,39605256.00,0
2007-05-11,Fri,7,12,26,29,49,2,6,53347665.00,1
2007-05-18,Fri,26,34,37,39,49,2,6,15000000.00,1
2007-05-25,Fri,25,26,29,49,50,7,8,15000000.00,1
2007-06-01,Fri,6,22,37,41,42,6,9,15000000.00,1
2007-06-08,Fri,1,15,17,25,45,2,8,15000000.00,0
2007-06-15,Fri,5,7,14,21,40,3,8,26938896.00,1
2007-06-22,Fri,11,16,17,22,34,5,6,15000000.00,0
2007-06-29,Fri,8,12,28,33,45,1,3,26816658.00,0
2007-07-06,Fri,4,5,19,39,41,8,9,39898280.00,0
2007-07-13,Fri,9,13,15,31,48,3,6,56945074.00,1
2007-07-20,Fri,10,21,25,26,50,4,9,15000000.00,0
2007-07-27,Fri,1,4,21,29,41,7,8,26731340.00,0
2007-08-03,Fri,10,30,33,37,41,1,8,39185012.00,0
2007-08-10,Fri,23,40,42,43,49,2,6,52630236.00,1
2007-08-17,Fri,2,3,13,38,42,7,8,15000000.00,0
2007-08-24,Fri,1,3,16,42,48,2,3,26677818.00,0
2007-08-31,Fri,6,18,22,23,37,5,6,39496528.00,1
2007-09-07,Fri,2,3,33,34,42,3,5,15000000.00,1
2007-09-14,Fri,5,9,11,29,33,7,9,15000000.00,0
2007-09-21,Fri,1,17,32,35,37,1,8,27247062.00,1
2007-09-28,Fri,22,30,34,35,44,4,5,130000000.00,0
2007-10-05,Fri,11,20,27,35,44,2,5,15000000.00,1
2007-10-12,Fri,21,32,36,46,47,3,4,15000000.00,1
2007-10-19,Fri,7,18,34,35,40,7,8,15000000.00,0
2007-10-26,Fri,7,20,38,40,43,1,8,27610682.00,0
2007-11-02,Fri,3,16,18,19,40,1,2,41136124.00,1
2007-11-09,Fri,5,14,22,25,36,5,6,15000000.00,1
2007-11-16,Fri,9,18,23,33,37,1,8,15000000.00,0
2007-11-23,Fri,2,10,22,29,48,3,9,27375964.00,1
2007-11-30,Fri,12,19,20,30,38,7,9,15000000.00,0
2007-12-07,Fri,2,4,32,43,48,1,7,27552424.00,1
2007-12-14,Fri,8,25,30,36,44,3,4,15000000.00,0
2007-12-21,Fri,7,9,28,37,44,6,7,27716872.00,1
2007-12-28,Fri,20,21,22,31,45,7,9,15000000.00,0
2008-01-04,Fri,10,12,24,25,41,3,5,26917709.00,0
2008-01-11,Fri,8,24,36,49,50,4,8,40754254.00,0
2008-01-18,Fri,14,16,23,40,46,4,8,57437748.00,0
2008-01-25,Fri,2,6,9,19,45,7,8,76611580.00,1
2008-02-01,Fri,22,30,45,47,49,4,9,15000000.00,0
2008-02-08,Fri,17,28,30,38,44,1,4,130000000.00,0
2008-02-15,Fri,12,27,29,45,46,4,7,15000000.00,0
2008-02-22,Fri,4,27,32,46,50,8,9,28912566.00,1
2008-02-29,Fri,12,37,40,47,49,2,9,15000000.00,1
2008-03-07,Fri,2,7,14,17,35,1,6,15000000.00,0
2008-03-14,Fri,13,21,25,35,48,4,8,28239959.00,1
2008-03-21,Fri,2,10,18,22,36,4,6,15000000.00,1
2008-03-28,Fri,5,9,17,29,39,3,6,15000000.00,0
2008-04-04,Fri,11,13,18,37,47,1,6,28004693.00,0
2008-04-11,Fri,6,25,30,45,50,5,7,42346692.00,0
2008-04-18,Fri,3,6,7,27,50,5,9,58367681.00,1
2008-04-25,Fri,4,19,26,27,30,3,8,15000000.00,0
2008-05-02,Fri,2,26,37,45,48,4,8,27290983.00,0
2008-05-09,Fri,8,9,40,42,45,6,7,40624868.00,0
2008-05-16,Fri,6,9,15,25,38,4,9,55609411.00,1
2008-05-23,Fri,5,9,19,21,38,1,7,15000000.00,1
2008-05-30,Fri,5,7,14,20,49,2,8,15000000.00,1
2008-06-06,Fri,7,19,21,40,50,2,9,15000000.00,0
2008-06-13,Fri,13,16,37,44,50,1,9,29947068.00,0
2008-06-20,Fri,8,11,36,37,45,3,5,43334863.00,0
2008-06-27,Fri,5,20,26,44,50,5,7,58278337.00,1
2008-07-04,Fri,7,19,22,27,48,5,7,15000000.00,1
2008-07-11,Fri,9,11,13,19,37,3,4,15000000.00,1
2008-07-18,Fri,10,14,16,29,44,5,6,15000000.00,1
2008-07-25,Fri,7,11,15,24,29,2,7,15000000.00,0
2008-08-01,Fri,1,22,25,40,50,1,8,27010081.00,0
2008-08-08,Fri,4,5,15,16,45,4,7,40358795.00,0
2008-08-15,Fri,11,17,18,26,31,5,6,54127606.00,0
2008-08-22,Fri,7,27,29,39,50,5,7,70754953.00,0
2008-08-29,Fri,2,20,25,37,39,5,8,91223351.00,0
2008-09-05,Fri,7,12,16,17,39,3,8,119349706.00,1
2008-09-12,Fri,19,23,33,37,50,3,7,15000000.00,1
2008-09-19,Fri,14,16,19,20,31,6,9,15000000.00,0
2008-09-26,Fri,14,29,31,33,37,1,2,130000000.00,0
2008-10-03,Fri,4,13,19,23,38,2,3,15000000.00,0
2008-10-10,Fri,4,15,22,31,41,1,6,29068081.00,1
2008-10-17,Fri,3,10,12,42,50,1,5,15000000.00,0
2008-10-24,Fri,7,15,16,17,45,6,9,28282481.00,0
2008-10-31,Fri,3,18,25,34,41,2,5,42831306.00,1
2008-11-07,Fri,1,9,12,17,18,3,4,15000000.00,1
2008-11-14,Fri,8,10,14,21,26,3,4,15000000.00,1
2008-11-21,Fri,9,14,21,49,50,3,8,15000000.00,0
2008-11-28,Fri,8,11,16,25,41,2,4,28044446.00,1
2008-12-05,Fri,4,8,21,35,45,5,8,15000000.00,1
2008-12-12,Fri,2,19,28,42,49,2,7,15000000.00,1
2008-12-19,Fri,28,29,40,46,50,5,7,15000000.00,0
2008-12-26,Fri,1,2,26,44,50,1,7,26758047.00,0
2009-01-02,Fri,29,30,36,37,48,1,6,40425333.00,0
2009-01-09,Fri,7,15,22,28,48,1,4,57199762.00,1
2009-01-16,Fri,3,17,22,49,50,3,6,15000000.00,1
2009-01-23,Fri,32,33,36,40,49,2,8,15000000.00,0
2009-01-30,Fri,4,29,34,35,46,5,8,28407448.00,1
2009-02-06,Fri,10,20,30,36,40,3,5,15000000.00,1
2009-02-13,Fri,22,33,36,40,42,1,2,15000000.00,0
2009-02-20,Fri,9,12,13,14,48,1,2,28117227.00,0
2009-02-27,Fri,5,9,37,44,45,6,9,43037732.00,0
2009-03-06,Fri,13,17,19,25,35,5,6,100000000.00,1
2009-03-13,Fri,12,24,26,36,42,1,4,16009560.00,0
2009-03-20,Fri,12,16,23,31,35,4,6,29717504.00,1
2009-03-27,Fri,25,33,36,38,42,6,7,15000000.00,0
2009-04-03,Fri,2,20,24,32,46,1,9,28308420.00,0
2009-04-10,Fri,9,14,16,37,46,2,4,42292285.00,0
2009-04-17,Fri,4,7,21,44,47,1,5,58530802.00,0
2009-04-24,Fri,4,14,21,24,41,5,8,77000542.00,0
2009-05-01,Fri,5,19,31,38,47,3,5,98731550.00,0
2009-05-08,Fri,4,23,24,29,31,8,9,126231764.00,1
2009-05-15,Fri,8,18,19,20,42,5,9,15000000.00,1
2009-05-22,Fri,4,13,14,33,43,1,6,15000000.00,0
2009-05-29,Fri,2,5,30,37,47,3,6,28394418.00,0
2009-06-05,Fri,11,19,26,35,40,2,5,42859330.00,0
2009-06-12,Fri,6,14,16,34,50,4,6,58861216.00,1
2009-06-19,Fri,4,16,17,20,29,5,7,15000000.00,1
2009-06-26,Fri,6,11,21,30,39,2,8,15000000.00,0
2009-07-03,Fri,21,29,34,46,47,6,8,28040956.00,0
2009-07-10,Fri,6,16,20,42,46,1,6,42207029.00,0
2009-07-17,Fri,2,8,17,32,50,3,7,57528118.00,1
2009-07-24,Fri,14,15,25,35,47,5,9,15000000.00,0
2009-07-31,Fri,5,9,20,21,26,3,6,28001223.00,0
2009-08-07,Fri,10,20,22,24,31,2,7,41938302.00,0
2009-08-14,Fri,5,8,24,30,49,3,9,57349944.00,0
2009-08-21,Fri,4,7,16,31,42,3,5,75140660.00,1
2009-08-28,Fri,8,36,37,41,49,5,7,15000000.00,0
2009-09-04,Fri,6,9,20,38,39,3,9,28509295.00,0
2009-09-11,Fri,12,15,35,42,43,4,6,43176231.00,0
2009-09-18,Fri,6,16,30,38,41,2,4,100000000.00,1
2009-09-25,Fri,6,17,18,21,34,3,9,15000000.00,1
2009-10-02,Fri,22,23,24,29,44,1,5,15000000.00,0
2009-10-09,Fri,7,11,29,46,50,4,7,29041467.00,0
2009-10-16,Fri,12,23,30,31,47,3,4,44254660.00,0
2009-10-23,Fri,6,18,20,29,31,2,8,60674297.00,0
2009-10-30,Fri,9,33,35,38,40,2,6,79524886.00,0
2009-11-06,Fri,11,19,34,43,45,5,9,102199676.00,1
2009-11-13,Fri,13,15,25,26,32,3,4,16569317.00,1
2009-11-20,Fri,5,9,28,43,47,2,9,15000000.00,1
2009-11-27,Fri,5,8,13,15,33,8,9,15000000.00,0
2009-12-04,Fri,18,19,25,30,44,1,3,29071578.00,0
2009-12-11,Fri,20,41,43,44,46,2,9,43818510.00,0
2009-12-18,Fri,14,30,32,35,49,3,8,59459744.00,1
2009-12-25,Fri,4,5,14,17,34,3,5,15000000.00,0
2010-01-01,Fri,9,22,24,27,36,5,7,28412329.00,0
2010-01-08,Fri,4,5,14,44,46,8,9,42944229.00,0
2010-01-15,Fri,11,26,29,49,50,4,7,59407370.00,1
2010-01-22,Fri,4,22,27,36,44,7,9,15000000.00,0
2010-01-29,Fri,9,17,30,39,43,5,7,29242656.00,1
2010-02-05,Fri,34,35,38,39,46,3,4,100000000.00,0
2010-02-12,Fri,1,5,18,38,45,4,6,129618406.00,1
2010-02-19,Fri,12,31,37,38,43,2,3,15000000.00,0
2010-02-26,Fri,7,11,18,29,42,6,7,30133000.00,0
2010-03-05,Fri,12,18,19,43,49,3,9,46258004.00,1
2010-03-12,Fri,1,26,33,36,46,6,7,15000000.00,0
2010-03-19,Fri,10,28,30,38,39,2,7,29152590.00,0
2010-03-26,Fri,8,16,18,37,43,2,6,44378839.00,1
2010-04-02,Fri,12,18,24,26,45,4,5,15000000.00,1
2010-04-09,Fri,7,21,23,24,44,3,4,15000000.00,0
2010-04-16,Fri,9,11,17,26,40,3,9,28888274.00,0
2010-04-23,Fri,3,7,8,43,46,6,8,43702393.00,0
2010-04-30,Fri,6,22,24,25,36,3,8,60297781.00,0
2010-05-07,Fri,3,6,15,21,32,7,9,78821704.00,0
2010-05-14,Fri,1,17,31,43,47,2,3,100037101.00,1
2010-05-21,Fri,7,19,30,38,50,4,7,15000000.00,1
2010-05-28,Fri,4,9,31,32,33,3,7,15000000.00,1
2010-06-04,Fri,4,17,34,40,42,4,9,15000000.00,1
2010-06-11,Fri,2,22,24,36,44,1,2,15000000.00,1
2010-06-18,Fri,2,29,31,32,38,1,4,15000000.00,0
2010-06-25,Fri,1,8,18,28,31,8,9,27989077.00,1
2010-07-02,Fri,12,13,36,41,46,1,8,15000000.00,0
2010-07-09,Fri,9,24,37,39,49,3,9,28051827.00,0
2010-07-16,Fri,38,39,45,46,49,7,8,42318533.00,1
2010-07-23,Fri,4,13,35,37,46,3,9,15000000.00,0
2010-07-30,Fri,3,4,11,28,39,2,8,28092206.00,1
2010-08-06,Fri,13,25,28,29,42,4,5,15000000.00,1
2010-08-13,Fri,4,9,15,21,47,2,7,15000000.00,1
2010-08-20,Fri,5,27,31,40,42,1,6,15000000.00,1
2010-08-27,Fri,1,6,13,30,49,1,9,15000000.00,1
2010-09-03,Fri,13,24,26,47,49,4,8,15000000.00,1
2010-09-10,Fri,17,21,35,41,45,1,5,15000000.00,1
2010-09-17,Fri,17,27,29,38,50,1,3,15000000.00,0
2010-09-24,Fri,1,4,16,40,48,1,9,28674646.00,1
2010-10-01,Fri,1,4,6,27,48,1,6,100000000.00,0
2010-10-08,Fri,9,30,35,39,46,6,8,129818431.00,1
2010-10-15,Fri,2,31,36,38,43,3,7,15000000.00,0
2010-10-22,Fri,4,5,9,11,39,3,5,29421180.00,1
2010-10-29,Fri,16,20,22,32,42,8,9,15000000.00,0
2010-11-05,Fri,21,23,33,40,50,4,5,29087861.00,1
2010-11-12,Fri,7,19,23,29,47,1,6,16141033.00,0
2010-11-19,Fri,12,15,32,36,45,7,9,30223423.00,0
2010-11-26,Fri,9,28,36,41,49,5,7,45322973.00,1
2010-12-03,Fri,8,19,28,32,46,4,7,15000000.00,0
2010-12-10,Fri,2,3,10,33,46,7,8,28707820.00,0
2010-12-17,Fri,3,20,29,35,42,3,8,43677118.00,1
2010-12-24,Fri,19,36,38,42,46,2,8,19106756.00,1
2010-12-31,Fri,2,24,34,38,43,1,7,15338239.00,1
2011-01-07,Fri,1,22,32,48,50,6,7,15000000.00,1
2011-01-14,Fri,2,14,24,39,44,6,7,15000000.00,0
2011-01-21,Fri,3,11,13,18,21,4,5,29004252.00,1
2011-01-28,Fri,13,23,24,41,42,1,5,15000000.00,0
2011-02-04,Fri,2,11,24,35,47,5,9,28947728.00,1
2011-02-11,Fri,12,14,15,19,23,7,8,15000000.00,0
2011-02-18,Fri,2,3,15,45,49,5,9,28569173.00,0
2011-02-25,Fri,12,13,42,45,48,3,9,44068143.00,0
2011-03-04,Fri,11,25,27,28,41,5,8,61901147.00,0
2011-03-11,Fri,17,19,24,37,46,2,7,82769625.00,0
2011-03-18,Fri,1,13,20,26,50,6,7,107470965.00,0
2011-03-25,Fri,6,12,21,27,33,3,7,138210534.00,1
2011-04-01,Fri,4,17,21,22,33,4,8,15000000.00,1
2011-04-08,Fri,21,23,38,47,50,2,6,15000000.00,0
2011-04-15,Fri,4,6,21,39,41,2,6,29316255.00,0
2011-04-22,Fri,11,22,36,45,48,1,4,43415570.00,1
2011-04-29,Fri,15,25,38,40,41,1,2,15000000.00,0
2011-05-06,Fri,11,16,20,22,28,4,9,28772008.00,1
2011-05-10,Tue,3,10,15,28,45,5,7,100000000.00,0
2011-05-13,Fri,9,11,17,36,47,1,2,121019633.00,1
2011-05-17,Tue,20,21,37,45,46,2,3,15000000.00,0
2011-05-20,Fri,10,14,20,25,42,8,11,27642654.00,1
2011-05-24,Tue,16,23,24,26,29,2,9,15000000.00,0
2011-05-27,Fri,9,17,25,28,49,8,9,27342236.00,0
2011-05-31,Tue,1,9,10,22,50,5,11,33899735.00,0
2011-06-03,Fri,4,39,40,49,50,2,5,46382250.00,0
2011-06-07,Tue,6,25,36,38,40,4,10,54804889.00,0
2011-06-10,Fri,3,19,20,37,48,8,11,68829140.00,0
2011-06-14,Tue,5,12,19,41,48,8,10,77116729.00,0
2011-06-17,Fri,11,16,21,22,44,3,8,92688906.00,0
2011-06-21,Tue,17,20,35,49,50,3,4,103328213.00,0
2011-06-24,Fri,5,16,20,30,41,6,11,120909819.00,0
2011-06-28,Tue,15,16,30,44,50,2,3,134366394.00,0
2011-07-01,Fri,8,11,23,31,46,8,9,156881528.00,0
2011-07-05,Tue,11,28,29,47,49,1,5,176718802.00,0
2011-07-08,Fri,12,13,23,40,49,7,10,185000000.00,0
2011-07-12,Tue,17,19,38,42,45,9,10,185000000.00,1
2011-07-15,Fri,6,26,33,34,39,3,4,15000000.00,0
2011-07-19,Tue,3,16,25,26,35,5,9,23148546.00,1
2011-07-22,Fri,4,15,23,49,50,2,6,15000000.00,1
2011-07-26,Tue,1,5,22,25,48,3,11,15000000.00,0
2011-07-29,Fri,12,19,27,37,38,5,10,27315669.00,1
2011-08-02,Tue,5,8,14,24,33,3,8,15000000.00,0
2011-08-05,Fri,13,14,18,32,34,1,10,26847221.00,0
2011-08-09,Tue,7,23,24,34,36,8,11,34158167.00,0
2011-08-12,Fri,7,10,20,27,37,4,7,46432976.00,0
2011-08-16,Tue,1,13,17,18,45,3,8,53726355.00,0
2011-08-19,Fri,6,14,16,28,31,2,11,66489769.00,0
2011-08-23,Tue,4,6,14,42,50,2,4,74844026.00,0
2011-08-26,Fri,12,22,25,33,45,5,7,89057636.00,0
2011-08-30,Tue,2,8,10,19,46,5,9,98519379.00,0
2011-09-02,Fri,12,26,37,38,44,4,7,115692111.00,0
2011-09-06,Tue,35,42,47,48,50,8,9,127472057.00,0
2011-09-09,Fri,5,21,28,31,34,1,2,147365853.00,0
2011-09-13,Tue,9,28,30,32,49,9,10,162256622.00,1
2011-09-16,Fri,2,8,17,39,42,3,10,15000000.00,1
2011-09-20,Tue,9,19,25,36,38,7,11,15000000.00,0
2011-09-23,Fri,6,14,33,34,48,2,6,27447713.00,0
2011-09-27,Tue,18,27,28,35,40,3,5,35496317.00,0
2011-09-30,Fri,5,15,28,31,44,1,6,48578058.00,1
2011-10-04,Tue,14,16,23,38,45,8,11,100000000.00,0
2011-10-07,Fri,18,26,34,38,42,5,8,117705979.00,1
2011-10-11,Tue,1,4,12,16,48,9,10,15000000.00,0
2011-10-14,Fri,12,23,29,32,47,3,5,27483911.00,0
2011-10-18,Tue,18,23,37,46,48,2,10,35273362.00,0
2011-10-21,Fri,2,19,33,37,46,5,8,47998650.00,1
2011-10-25,Tue,12,22,27,28,39,4,10,15000000.00,0
2011-10-28,Fri,16,17,20,39,50,4,8,26983680.00,0
2011-11-01,Tue,14,20,23,45,46,1,11,33703338.00,0
2011-11-04,Fri,11,14,41,43,50,2,9,46270559.00,0
2011-11-08,Tue,1,4,15,29,40,1,5,54417324.00,0
2011-11-11,Fri,1,4,18,23,30,3,7,67939184.00,1
2011-11-15,Tue,6,17,22,45,47,3,11,15000000.00,1
2011-11-18,Fri,4,12,24,39,44,2,4,15000000.00,0
2011-11-22,Tue,16,18,24,38,40,2,4,21897137.00,0
2011-11-25,Fri,14,19,26,28,34,5,8,35062896.00,1
2011-11-29,Tue,11,25,41,45,50,2,7,15000000.00,0
2011-12-02,Fri,7,27,30,40,43,8,9,27094320.00,1
2011-12-06,Tue,19,20,21,34,38,3,9,15000000.00,0
2011-12-09,Fri,12,21,29,44,47,1,2,26824531.00,0
2011-12-13,Tue,7,12,18,33,37,1,11,34268471.00,0
2011-12-16,Fri,2,5,10,23,31,2,5,46576447.00,1
2011-12-20,Tue,1,9,12,14,48,1,7,15000000.00,0
2011-12-23,Fri,7,21,22,24,28,1,11,30860915.00,0
2011-12-27,Tue,19,21,25,26,44,3,7,38129374.00,0
2011-12-30,Fri,16,36,43,44,50,7,8,51792388.00,0
2012-01-03,Tue,3,30,42,45,49,5,10,59857417.00,0
2012-01-06,Fri,1,6,10,12,31,2,7,73113564.00,1
2012-01-10,Tue,4,9,10,30,40,2,9,15000000.00,0
2012-01-13,Fri,13,14,21,27,39,6,8,29204007.00,0
2012-01-17,Tue,12,22,30,31,44,5,6,36496416.00,0
2012-01-20,Fri,2,10,22,27,28,6,8,48895464.00,1
2012-01-24,Tue,1,2,6,20,36,8,11,15000000.00,0
2012-01-27,Fri,10,13,19,39,44,2,6,26630721.00,0
2012-01-31,Tue,9,34,38,43,45,2,4,33767650.00,0
2012-02-03,Fri,16,19,20,25,28,1,10,46106653.00,0
2012-02-07,Tue,3,15,17,28,33,2,4,54252968.00,1
2012-02-10,Fri,3,8,14,31,41,7,11,15000000.00,0
2012-02-14,Tue,14,27,36,42,46,8,11,22361166.00,0
2012-02-17,Fri,4,11,28,38,47,10,11,34279343.00,0
2012-02-21,Tue,11,14,24,25,29,7,11,41851240.00,0
2012-02-24,Fri,3,7,12,26,34,8,10,54897476.00,1
2012-02-28,Tue,1,10,17,33,48,2,3,15000000.00,0
2012-03-02,Fri,5,6,11,30,44,2,6,26670951.00,1
2012-03-06,Tue,23,24,27,37,47,2,6,15000000.00,0
2012-03-09,Fri,3,32,36,39,47,6,9,26508061.00,0
2012-03-13,Tue,1,10,25,43,47,8,9,33798147.00,0
2012-03-16,Fri,3,4,12,23,50,4,7,45758710.00,1
2012-03-20,Tue,15,16,28,30,46,3,4,15000000.00,0
2012-03-23,Fri,9,15,23,31,50,8,11,26096499.00,1
2012-03-27,Tue,24,27,29,34,36,7,8,15000000.00,1
2012-03-30,Fri,4,17,23,36,46,6,10,15000000.00,0
2012-04-03,Tue,1,8,18,25,30,9,10,21716352.00,0
2012-04-06,Fri,11,20,30,35,45,2,3,32751944.00,0
2012-04-10,Tue,22,25,27,36,37,5,9,39523670.00,0
2012-04-13,Fri,8,13,26,39,43,3,5,53763217.00,1
2012-04-17,Tue,10,28,33,48,49,1,10,15000000.00,0
2012-04-20,Fri,3,6,29,32,41,10,11,26031384.00,0
2012-04-24,Tue,8,9,24,43,48,3,5,32867376.00,0
2012-04-27,Fri,20,27,30,36,43,1,6,44407281.00,1
2012-05-01,Tue,4,5,15,19,41,9,11,15000000.00,0
2012-05-04,Fri,3,26,39,40,41,1,2,25968725.00,0
2012-05-08,Tue,3,21,34,38,48,5,8,32541206.00,0
2012-05-11,Fri,1,13,17,38,44,2,11,44093378.00,0
2012-05-15,Tue,2,11,13,26,50,2,5,51753790.00,0
2012-05-18,Fri,13,29,43,47,50,9,11,65687547.00,0
2012-05-22,Tue,16,31,32,37,41,1,7,74848794.00,0
2012-05-25,Fri,12,22,35,46,49,2,8,89779597.00,0
2012-05-29,Tue,8,15,17,25,28,3,11,101071615.00,0
2012-06-01,Fri,2,4,14,26,36,9,10,120024029.00,0
2012-06-05,Tue,13,34,37,47,49,8,9,134974395.00,0
2012-06-08,Fri,5,11,22,34,40,9,11,158052844.00,1
2012-06-12,Tue,8,15,26,30,48,9,10,15000000.00,0
2012-06-15,Fri,10,22,27,38,48,3,7,26828456.00,1
2012-06-19,Tue,7,17,20,35,50,5,11,15000000.00,1
2012-06-22,Fri,14,18,19,43,49,3,7,15000000.00,0
2012-06-26,Tue,1,11,20,22,35,8,10,21896089.00,0
2012-06-29,Fri,14,17,28,29,39,1,11,33263796.00,0
2012-07-03,Tue,2,7,22,27,40,3,6,40811640.00,0
2012-07-06,Fri,31,32,38,40,42,1,3,53006942.00,0
2012-07-10,Tue,1,3,16,24,37,1,8,61268725.00,0
2012-07-13,Fri,8,18,25,35,46,4,9,76630917.00,0
2012-07-17,Tue,2,7,24,43,46,8,10,85954935.00,0
2012-07-20,Fri,10,19,23,45,49,9,10,101392999.00,0
2012-07-24,Tue,4,16,18,25,44,1,11,112218632.00,0
2012-07-27,Fri,14,15,21,23,48,2,10,141583959.00,0
2012-07-31,Tue,4,29,35,36,39,8,9,156962440.00,0
2012-08-03,Fri,24,34,35,42,46,1,5,180011715.00,0
2012-08-07,Tue,20,27,34,46,50,2,3,190000000.00,0
2012-08-10,Fri,11,17,21,48,50,9,10,190000000.00,1
2012-08-14,Tue,1,16,38,42,45,9,10,15000000.00,0
2012-08-17,Fri,19,25,28,33,44,2,8,26921509.00,0
2012-08-21,Tue,4,5,17,38,48,3,4,34941089.00,0
2012-08-24,Fri,5,6,12,19,37,3,7,47570390.00,1
2012-08-28,Tue,1,18,25,26,44,4,5,15000000.00,0
2012-08-31,Fri,16,28,31,33,48,7,11,26982209.00,0
2012-09-04,Tue,11,17,18,39,44,5,10,34855964.00,0
2012-09-07,Fri,13,15,30,35,42,4,6,47319633.00,1
2012-09-11,Tue,6,15,22,37,44,2,4,15000000.00,0
2012-09-14,Fri,3,10,23,27,44,7,9,26580854.00,1
2012-09-18,Tue,6,7,38,39,44,7,9,15000000.00,0
2012-09-21,Fri,4,19,34,41,43,7,11,26523681.00,0
2012-09-25,Tue,7,25,27,48,49,1,4,33985873.00,0
2012-09-28,Fri,20,23,26,30,33,6,9,100000000.00,1
2012-10-02,Tue,4,16,21,36,42,7,8,15000000.00,0
2012-10-05,Fri,9,16,18,19,21,2,3,26871790.00,0
2012-10-09,Tue,2,8,10,23,25,8,9,34447603.00,0
2012-10-12,Fri,6,7,17,35,43,2,8,46640893.00,0
2012-10-16,Tue,10,32,40,41,49,2,8,54755945.00,0
2012-10-19,Fri,16,29,37,40,44,8,10,67874748.00,0
2012-10-23,Tue,1,28,35,38,50,2,10,76874851.00,0
2012-10-26,Fri,5,6,9,27,38,5,11,91421975.00,0
2012-10-30,Tue,23,24,25,31,44,2,3,102511027.00,0
2012-11-02,Fri,3,6,10,11,44,3,4,119125945.00,0
2012-11-06,Tue,7,20,25,35,41,1,9,132672800.00,0
2012-11-09,Fri,14,21,22,28,47,4,5,152867729.00,0
2012-11-13,Tue,11,16,21,24,29,2,6,169837010.00,1
2012-11-16,Fri,10,15,19,23,41,2,9,15000000.00,0
2012-11-20,Tue,28,30,42,45,49,5,10,22756967.00,1
2012-11-23,Fri,1,9,11,20,40,1,5,15000000.00,0
2012-11-27,Tue,6,10,23,44,49,1,7,22479773.00,0
2012-11-30,Fri,10,18,23,24,40,3,4,34324723.00,0
2012-12-04,Tue,5,10,28,29,44,2,4,42363919.00,0
2012-12-07,Fri,10,16,18,31,42,2,5,54583279.00,0
2012-12-11,Tue,1,4,9,43,50,6,8,63235218.00,0
2012-12-14,Fri,10,11,29,40,43,3,11,76452078.00,0
2012-12-18,Tue,14,18,20,35,44,2,5,86060443.00,0
2012-12-21,Fri,3,5,22,40,42,3,10,101835641.00,1
2012-12-25,Tue,14,18,20,23,32,3,10,15000000.00,0
2012-12-28,Fri,17,24,26,27,49,3,5,26703677.00,0
2013-01-01,Tue,2,7,8,36,49,1,11,38032608.00,1
2013-01-04,Fri,4,10,22,27,41,8,10,15000000.00,0
2013-01-08,Tue,2,20,22,26,47,5,9,22485855.00,0
2013-01-11,Fri,4,22,29,37,41,4,7,34191508.00,1
2013-01-15,Tue,22,38,40,42,47,1,11,15000000.00,0
2013-01-18,Fri,4,26,27,30,39,3,10,25798102.00,0
2013-01-22,Tue,1,10,44,45,48,1,4,32974711.00,0
2013-01-25,Fri,3,10,18,31,37,2,4,44297359.00,1
2013-01-29,Tue,9,16,26,36,39,2,6,15000000.00,1
2013-02-01,Fri,5,21,34,37,38,1,6,15000000.00,0
2013-02-05,Tue,6,25,31,40,45,6,7,21947416.00,0
2013-02-08,Fri,9,11,14,34,44,10,11,32916239.00,0
2013-02-12,Tue,5,11,16,25,28,7,9,40241884.00,0
2013-02-15,Fri,2,4,22,28,42,4,9,52030590.00,0
2013-02-19,Tue,12,15,28,30,44,8,9,60298933.00,1
2013-02-22,Fri,15,16,28,36,37,2,11,15000000.00,0
2013-02-26,Tue,3,12,13,17,30,2,6,21860645.00,0
2013-03-01,Fri,1,11,29,36,42,4,5,32728379.00,0
2013-03-05,Tue,8,19,31,33,39,2,7,40083119.00,0
2013-03-08,Fri,3,20,23,28,42,8,11,51689985.00,1
2013-03-12,Tue,2,4,10,22,50,5,8,15000000.00,1
2013-03-15,Fri,4,14,21,24,39,3,10,15000000.00,0
2013-03-19,Tue,19,32,35,37,44,1,9,21971382.00,0
2013-03-22,Fri,12,27,32,34,49,8,9,100000000.00,0
2013-03-26,Tue,4,26,30,42,44,6,11,113430166.00,0
2013-03-29,Fri,13,30,43,44,46,5,9,132486744.00,1
2013-04-02,Tue,12,17,25,29,41,1,4,15000000.00,0
2013-04-05,Fri,1,11,17,32,39,2,7,26538894.00,1
2013-04-09,Tue,15,35,38,44,48,5,10,15000000.00,0
2013-04-12,Fri,5,10,15,28,45,3,9,26258943.00,1
2013-04-16,Tue,1,11,22,33,50,4,6,15000000.00,1
2013-04-19,Fri,1,8,42,46,48,4,7,15000000.00,0
2013-04-23,Tue,1,4,7,10,50,4,11,21743067.00,0
2013-04-26,Fri,11,16,24,38,40,2,5,32469030.00,1
2013-04-30,Tue,13,36,40,43,50,5,9,15000000.00,0
2013-05-03,Fri,3,5,34,40,49,2,3,25320531.00,0
2013-05-07,Tue,13,27,28,42,43,4,6,32317752.00,0
2013-05-10,Fri,1,32,35,45,48,4,11,43122368.00,0
2013-05-14,Tue,7,8,24,27,36,5,11,51014670.00,0
2013-05-17,Fri,6,20,24,25,50,9,10,63210305.00,0
2013-05-21,Tue,7,8,19,28,29,5,9,71706904.00,0
2013-05-24,Fri,7,17,22,27,40,2,3,85427113.00,0
2013-05-28,Tue,8,13,26,34,38,3,11,95372874.00,1
2013-05-31,Fri,27,28,29,34,43,5,10,15000000.00,0
2013-06-04,Tue,31,33,34,37,40,1,6,22292668.00,0
2013-06-07,Fri,7,14,26,45,50,2,7,100000000.00,0
2013-06-11,Tue,5,7,9,25,41,1,5,112888839.00,0
2013-06-14,Fri,10,25,41,47,48,6,10,131383087.00,0
2013-06-18,Tue,17,24,33,41,44,1,11,146642974.00,0
2013-06-21,Fri,10,11,30,36,45,1,2,168458397.00,0
2013-06-25,Tue,4,5,13,27,35,1,2,187937614.00,1
2013-06-28,Fri,1,15,28,35,47,1,7,15000000.00,1
2013-07-02,Tue,11,13,14,28,30,4,5,15000000.00,0
2013-07-05,Fri,4,12,15,28,33,1,10,26012633.00,0
2013-07-09,Tue,16,18,31,38,49,4,10,33574531.00,1
2013-07-12,Fri,18,26,32,33,42,2,3,15000000.00,0
2013-07-16,Tue,19,23,34,47,50,4,6,22078146.00,1
2013-07-19,Fri,13,16,24,26,35,2,5,15000000.00,1
2013-07-23,Tue,14,15,16,19,44,4,5,15000000.00,1
2013-07-26,Fri,12,23,29,38,49,3,4,15141986.00,0
2013-07-30,Tue,3,4,11,14,43,1,6,22036079.00,0
2013-08-02,Fri,21,36,37,42,48,4,7,32550628.00,0
2013-08-06,Tue,16,17,31,47,49,3,11,39969189.00,0
2013-08-09,Fri,4,7,9,23,24,8,9,51235800.00,0
2013-08-13,Tue,5,17,20,47,50,1,4,59358856.00,0
2013-08-16,Fri,20,24,27,37,39,5,10,70976896.00,0
2013-08-20,Tue,5,11,42,49,50,8,11,80048874.00,0
2013-08-23,Fri,1,6,26,30,37,5,8,93948087.00,1
2013-08-27,Tue,7,30,38,40,43,2,6,15000000.00,0
2013-08-30,Fri,2,17,25,36,45,5,9,25642224.00,1
2013-09-03,Tue,5,9,16,18,42,7,9,15000000.00,0
2013-09-06,Fri,11,23,25,32,37,4,7,25602948.00,1
2013-09-10,Tue,7,11,14,28,30,2,10,15000000.00,0
2013-09-13,Fri,4,6,14,27,33,5,10,27722709.00,0
2013-09-17,Tue,13,17,21,42,44,9,11,34994367.00,0
2013-09-20,Fri,5,11,35,38,45,2,3,46107180.00,0
2013-09-24,Tue,10,20,26,28,43,9,11,53875031.00,0
2013-09-27,Fri,11,15,38,41,43,2,6,65793284.00,1
2013-10-01,Tue,19,23,25,44,48,8,9,15000000.00,0
2013-10-04,Fri,6,20,24,35,50,5,10,25391202.00,0
2013-10-08,Tue,23,24,26,33,42,3,5,32466476.00,0
2013-10-11,Fri,6,12,17,23,43,5,9,43300447.00,0
2013-10-15,Tue,18,27,39,43,47,4,7,50899071.00,1
2013-10-18,Fri,5,25,36,46,47,2,6,15000000.00,0
2013-10-22,Tue,29,33,39,41,44,9,11,21557573.00,0
2013-10-25,Fri,2,3,10,31,38,6,10,31714028.00,1
2013-10-29,Tue,9,10,30,32,37,2,6,15000000.00,1
2013-11-01,Fri,7,19,29,30,33,3,8,15000000.00,0
2013-11-05,Tue,6,12,13,35,38,2,3,21594781.00,1
2013-11-08,Fri,20,28,35,42,43,8,10,15000000.00,1
2013-11-12,Tue,14,29,37,40,48,2,11,15000000.00,0
2013-11-15,Fri,3,13,15,29,42,1,4,100000000.00,1
2013-11-19,Tue,14,15,19,36,45,1,10,15000000.00,0
2013-11-22,Fri,13,25,26,40,50,8,9,25321675.00,0
2013-11-26,Tue,19,23,27,42,44,3,5,32148861.00,1
2013-11-29,Fri,2,7,10,23,43,4,7,15000000.00,1
2013-12-03,Tue,6,13,15,29,32,2,9,15000000.00,0
2013-12-06,Fri,1,2,18,31,36,7,10,24886473.00,0
2013-12-10,Tue,6,24,35,49,50,1,7,31707067.00,0
2013-12-13,Fri,1,22,23,24,31,6,11,44668268.00,0
2013-12-17,Tue,6,8,27,37,41,7,10,52406867.00,0
2013-12-20,Fri,12,13,17,22,43,3,10,64321006.00,0
2013-12-24,Tue,5,19,31,43,50,2,6,74670405.00,0
2013-12-27,Fri,1,6,13,22,28,5,10,86334915.00,0
2013-12-31,Tue,13,20,24,29,45,3,7,100878708.00,0
2014-01-03,Fri,3,27,31,38,44,3,8,116122939.00,0
2014-01-07,Tue,2,20,27,33,45,6,10,130277772.00,1
2014-01-10,Fri,1,2,11,27,29,1,10,15000000.00,0
2014-01-14,Tue,18,20,25,26,37,10,11,22323820.00,0
2014-01-17,Fri,19,26,32,33,42,4,10,33069927.00,0
2014-01-21,Tue,4,12,35,42,48,5,8,40648762.00,0
2014-01-24,Fri,5,19,34,35,41,1,5,51853731.00,0
2014-01-28,Tue,18,20,23,42,48,2,9,59913845.00,0
2014-01-31,Fri,8,10,15,16,31,8,9,72149579.00,1
2014-02-04,Tue,1,21,33,37,38,4,8,15000000.00,0
2014-02-07,Fri,3,17,19,46,47,9,10,25315477.00,1
2014-02-11,Tue,8,17,25,41,47,1,2,15000000.00,0
2014-02-14,Fri,2,4,6,19,39,2,7,25543227.00,1
2014-02-18,Tue,23,26,36,37,49,6,7,15000000.00,0
2014-02-21,Fri,13,17,28,30,32,5,7,24964477.00,0
2014-02-25,Tue,21,25,28,35,42,4,6,31885464.00,0
2014-02-28,Fri,12,32,38,43,44,2,7,42517715.00,1
2014-03-04,Tue,3,5,22,27,44,1,6,15000000.00,0
2014-03-07,Fri,5,10,38,40,41,1,8,100000000.00,0
2014-03-11,Tue,1,4,23,33,44,7,8,112224513.00,0
2014-03-14,Fri,6,24,25,27,30,5,9,129384564.00,1
2014-03-18,Tue,8,27,34,36,39,5,10,15000000.00,0
2014-03-21,Fri,7,30,37,39,42,5,7,25493153.00,1
2014-03-25,Tue,7,20,26,28,50,2,8,15000000.00,0
2014-03-28,Fri,3,4,19,28,43,3,7,25329483.00,1
2014-04-01,Tue,16,18,26,38,44,8,10,15000000.00,1
2014-04-04,Fri,6,10,28,45,50,10,11,15000000.00,0
2014-04-08,Tue,11,18,29,42,49,4,11,21651231.00,0
2014-04-11,Fri,8,12,19,30,33,4,11,32404758.00,0
2014-04-15,Tue,3,14,26,47,50,7,11,39469425.00,0
2014-04-18,Fri,21,24,31,39,47,3,7,49741996.00,0
2014-04-22,Tue,13,15,20,24,46,1,8,56813879.00,0
2014-04-25,Fri,13,21,24,44,49,1,9,67951355.00,0
2014-04-29,Tue,18,23,26,35,44,3,11,76616042.00,0
2014-05-02,Fri,4,30,31,38,42,2,11,89166455.00,1
2014-05-06,Tue,5,19,24,31,37,1,9,15000000.00,0
2014-05-09,Fri,3,21,26,28,45,7,10,24736691.00,0
2014-05-13,Tue,4,13,30,34,47,2,6,31594762.00,0
2014-05-16,Fri,23,26,29,37,40,3,4,41696345.00,0
2014-05-20,Tue,5,33,36,38,47,4,9,48745949.00,0
2014-05-23,Fri,3,8,31,34,47,9,11,59346874.00,0
2014-05-27,Tue,7,13,16,25,26,1,6,67034874.00,0
2014-05-30,Fri,5,24,27,41,45,6,7,78898283.00,0
2014-06-03,Tue,2,15,32,39,44,5,10,88945682.00,0
2014-06-06,Fri,7,25,34,40,49,9,11,106876333.00,0
2014-06-10,Tue,12,18,21,32,33,1,11,118626756.00,0
2014-06-13,Fri,16,18,22,28,46,9,11,137313501.00,1
2014-06-17,Tue,11,13,37,40,48,8,9,15000000.00,0
2014-06-20,Fri,5,15,25,38,49,1,2,24974879.00,1
2014-06-24,Tue,1,7,20,21,48,4,7,15000000.00,0
2014-06-27,Fri,31,33,34,39,45,2,10,24831312.00,0
2014-07-01,Tue,18,22,25,27,39,5,10,31752213.00,0
2014-07-04,Fri,4,18,39,43,47,2,6,42031147.00,0
2014-07-08,Tue,8,18,22,24,27,4,11,49306200.00,0
2014-07-11,Fri,5,22,35,38,49,4,7,60081769.00,0
2014-07-15,Tue,15,18,20,27,34,1,3,67902166.00,1
2014-07-18,Fri,1,11,29,41,43,3,11,15000000.00,0
2014-07-22,Tue,1,24,43,45,50,5,8,21405298.00,0
2014-07-25,Fri,9,10,12,24,43,5,9,30819743.00,0
2014-07-29,Tue,10,23,35,40,43,3,9,37632166.00,1
2014-08-01,Fri,24,44,46,48,50,5,10,15000000.00,0
2014-08-05,Tue,5,7,19,21,42,5,11,21466842.00,0
2014-08-08,Fri,21,29,35,43,46,1,9,30941693.00,0
2014-08-12,Tue,7,16,19,22,33,2,5,37783516.00,0
2014-08-15,Fri,4,5,21,23,30,8,10,46954024.00,0
2014-08-19,Tue,4,7,11,34,47,7,8,54304297.00,1
2014-08-22,Fri,4,17,29,35,49,1,2,15000000.00,0
2014-08-26,Tue,10,22,36,45,48,4,11,21332468.00,0
2014-08-29,Fri,2,9,26,32,38,3,6,30847109.00,0
2014-09-02,Tue,5,25,31,39,45,1,8,37624288.00,0
2014-09-05,Fri,1,18,23,46,50,3,9,47592166.00,0
2014-09-09,Tue,8,15,19,24,35,8,10,55073280.00,0
2014-09-12,Fri,9,13,26,31,33,7,11,66213888.00,0
2014-09-16,Tue,4,29,30,35,50,2,4,74610475.00,0
2014-09-19,Fri,6,8,34,38,48,3,9,86732923.00,1
2014-09-23,Tue,12,13,14,29,35,1,7,15000000.00,0
2014-09-26,Fri,13,27,35,46,47,1,2,25767850.00,0
2014-09-30,Tue,3,13,15,33,42,5,7,32929188.00,1
2014-10-03,Fri,4,13,23,48,50,5,10,100000000.00,0
2014-10-07,Tue,9,21,28,30,38,1,8,112118981.00,0
2014-10-10,Fri,6,29,42,45,47,9,10,129467188.00,0
2014-10-14,Tue,4,5,15,23,32,3,7,143635159.00,0
2014-10-17,Fri,1,13,40,48,49,8,10,164013958.00,0
2014-10-21,Tue,20,21,27,33,40,3,10,181778808.00,0
2014-10-24,Fri,3,9,20,30,42,1,6,190000000.00,1
2014-10-28,Tue,10,15,17,40,45,1,2,15000000.00,1
2014-10-31,Fri,10,13,20,33,41,3,9,15000000.00,0
2014-11-04,Tue,1,6,13,17,26,3,5,22206694.00,0
2014-11-07,Fri,13,25,32,38,46,1,10,33012470.00,1
2014-11-11,Tue,2,14,21,36,46,7,11,15000000.00,0
2014-11-14,Fri,17,32,36,38,48,5,8,25319129.00,0
2014-11-18,Tue,2,3,17,36,38,4,11,32415734.00,0
2014-11-21,Fri,4,7,28,32,37,5,10,43061336.00,0
2014-11-25,Tue,3,7,25,32,36,1,6,51208489.00,0
2014-11-28,Fri,6,10,15,23,41,4,10,64238836.00,0
2014-12-02,Tue,3,15,25,44,49,1,9,72971665.00,1
2014-12-05,Fri,5,8,37,47,48,2,3,15000000.00,0
2014-12-09,Tue,1,3,31,42,46,4,11,21823076.00,0
2014-12-12,Fri,2,15,28,31,37,4,6,32170284.00,0
2014-12-16,Tue,3,7,12,13,25,5,8,39580687.00,1
2014-12-19,Fri,23,29,31,39,44,5,8,15000000.00,1
2014-12-23,Tue,8,9,19,25,49,2,10,15000000.00,0
2014-12-26,Fri,17,26,27,45,49,2,3,25234535.00,1
2014-12-30,Tue,6,18,39,44,50,8,11,15000000.00,1
2015-01-02,Fri,22,24,25,28,49,3,6,15000000.00,0
2015-01-06,Tue,14,20,30,38,49,3,4,21570077.00,0
2015-01-09,Fri,6,21,24,32,45,1,11,31666941.00,1
2015-01-13,Tue,8,17,21,31,34,9,10,15000000.00,0
2015-01-16,Fri,29,30,32,34,46,3,6,25492644.00,0
2015-01-20,Tue,15,33,41,44,47,8,10,32539304.00,1
2015-01-23,Fri,6,29,30,38,45,1,8,15000000.00,0
2015-01-27,Tue,5,10,31,33,40,8,10,21715116.00,1
2015-01-30,Fri,9,13,15,19,24,3,8,15000000.00,1
2015-02-03,Tue,17,31,33,44,50,7,11,15000000.00,1
2015-02-06,Fri,10,26,30,39,50,7,8,15000000.00,0
2015-02-10,Tue,13,17,20,30,45,9,10,21653156.00,0
2015-02-13,Fri,12,24,39,42,44,3,11,33327954.00,0
2015-02-17,Tue,2,5,18,30,43,1,10,40422820.00,0
2015-02-20,Fri,4,10,14,37,46,4,7,51125124.00,0
2015-02-24,Tue,3,25,28,34,50,1,11,58852109.00,0
2015-02-27,Fri,5,14,17,25,47,9,10,71791059.00,0
2015-03-03,Tue,6,8,11,13,21,7,8,81055082.00,0
2015-03-06,Fri,23,30,47,49,50,2,7,100000000.00,1
2015-03-10,Tue,2,6,23,30,31,2,10,15000000.00,0
2015-03-13,Fri,4,5,18,22,23,1,3,27214552.00,0
2015-03-17,Tue,11,23,26,38,44,1,8,34513300.00,0
2015-03-20,Fri,3,14,37,42,48,1,10,45351002.00,0
2015-03-24,Tue,10,24,26,39,40,3,10,52905388.00,0
2015-03-27,Fri,2,30,32,39,44,6,10,65065693.00,0
2015-03-31,Tue,8,20,24,28,49,8,9,73584056.00,1
2015-04-03,Fri,27,29,37,39,49,2,4,15000000.00,0
2015-04-07,Tue,18,25,39,44,50,5,8,21449918.00,1
2015-04-10,Fri,22,23,25,30,43,5,9,15000000.00,0
2015-04-14,Tue,24,32,34,35,49,1,2,21697826.00,0
2015-04-17,Fri,2,24,30,34,39,8,11,31605188.00,0
2015-04-21,Tue,6,14,17,42,45,1,8,39055476.00,0
2015-04-24,Fri,5,19,29,31,40,3,10,50731331.00,1
2015-04-28,Tue,24,26,28,36,45,7,10,15000000.00,0
2015-05-01,Fri,3,19,20,25,26,6,10,23963701.00,0
2015-05-05,Tue,1,10,17,20,42,8,9,30744734.00,0
2015-05-08,Fri,7,14,19,47,49,3,10,40655810.00,0
2015-05-12,Tue,14,29,30,40,46,3,6,47879234.00,1
2015-05-15,Fri,5,35,42,44,47,8,9,15000000.00,0
2015-05-19,Tue,26,30,31,35,37,8,11,21489110.00,0
2015-05-22,Fri,18,24,35,44,45,5,11,31141926.00,0
2015-05-26,Tue,5,6,7,21,24,5,6,37682171.00,1
2015-05-29,Fri,3,4,20,45,48,6,8,15000000.00,0
2015-06-02,Tue,7,23,29,37,41,1,8,21811078.00,0
2015-06-05,Fri,2,7,8,45,48,1,9,100000000.00,0
2015-06-09,Tue,5,9,17,32,34,6,8,112140115.00,0
2015-06-12,Fri,5,8,10,11,37,7,9,129204405.00,1
2015-06-16,Tue,10,15,16,36,37,3,9,15000000.00,0
2015-06-19,Fri,7,14,20,31,42,3,9,24835107.00,1
2015-06-23,Tue,4,16,22,38,49,6,9,15000000.00,0
2015-06-26,Fri,3,6,10,19,24,5,7,25263266.00,1
2015-06-30,Tue,11,15,28,34,37,1,8,15000000.00,0
2015-07-03,Fri,11,12,15,18,44,3,9,24398282.00,0
2015-07-07,Tue,6,7,18,33,41,3,10,31077433.00,0
2015-07-10,Fri,5,8,15,35,41,4,5,40998254.00,1
2015-07-14,Tue,6,18,19,34,36,1,8,15000000.00,0
2015-07-17,Fri,1,21,22,43,48,7,9,24215184.00,0
2015-07-21,Tue,14,20,27,29,44,7,10,30754406.00,0
2015-07-24,Fri,2,9,21,35,46,2,11,40468528.00,1
2015-07-28,Tue,23,32,36,43,49,7,8,15000000.00,0
2015-07-31,Fri,16,21,34,40,50,6,9,24939216.00,1
2015-08-04,Tue,10,15,39,45,50,9,10,15000000.00,0
2015-08-07,Fri,1,5,21,39,44,4,11,24090340.00,0
2015-08-11,Tue,2,3,8,15,16,4,11,30648924.00,0
2015-08-14,Fri,4,7,39,44,45,3,5,40297743.00,1
2015-08-18,Tue,7,10,11,12,19,2,9,15000000.00,0
2015-08-21,Fri,4,16,18,43,47,6,10,23986424.00,0
2015-08-25,Tue,27,31,33,42,50,2,5,30507122.00,1
2015-08-28,Fri,11,29,30,31,34,4,7,15000000.00,1
2015-09-01,Tue,6,19,21,27,45,1,8,15000000.00,0
2015-09-04,Fri,8,9,27,45,50,8,10,24335146.00,0
2015-09-08,Tue,14,16,39,40,42,1,4,30904640.00,1
2015-09-11,Fri,10,18,19,29,50,1,9,15000000.00,0
2015-09-15,Tue,8,15,17,44,49,5,8,21398749.00,0
2015-09-18,Fri,7,29,33,34,39,7,8,30788012.00,0
2015-09-22,Tue,14,23,26,27,29,7,10,37424463.00,0
2015-09-25,Fri,13,14,23,30,37,2,8,47772431.00,1
2015-09-29,Tue,11,14,26,29,49,3,9,15000000.00,1
2015-10-02,Fri,7,18,21,32,35,2,11,15000000.00,1
2015-10-06,Tue,11,20,22,29,32,1,8,15000000.00,0
2015-10-09,Fri,1,40,42,43,47,9,11,24386729.00,0
2015-10-13,Tue,12,15,26,29,47,3,11,30878428.00,1
2015-10-16,Fri,7,28,29,43,48,3,10,15000000.00,0
2015-10-20,Tue,17,19,21,30,45,8,10,21280290.00,0
2015-10-23,Fri,7,25,30,32,39,2,8,30630412.00,0
2015-10-27,Tue,11,12,20,25,36,6,9,37252483.00,0
2015-10-30,Fri,8,13,17,21,34,6,7,47542339.00,0
2015-11-03,Tue,8,27,39,46,49,2,6,55033448.00,0
2015-11-06,Fri,3,17,26,38,40,4,10,100000000.00,0
2015-11-10,Tue,6,13,18,39,43,2,8,111997290.00,0
2015-11-13,Fri,10,17,18,33,40,2,8,130868296.00,0
2015-11-17,Tue,6,7,23,37,38,10,11,144587700.00,0
2015-11-20,Fri,4,30,34,46,49,7,8,163553041.00,1
2015-11-24,Tue,9,14,16,17,26,10,11,15000000.00,0
2015-11-27,Fri,16,29,30,37,50,6,8,26179692.00,0
2015-12-01,Tue,2,15,25,35,45,8,10,33518353.00,0
2015-12-04,Fri,8,17,18,27,39,1,7,44266153.00,0
2015-12-08,Tue,12,17,29,38,48,9,11,51436264.00,0
2015-12-11,Fri,3,5,21,40,43,6,11,62650170.00,0
2015-12-15,Tue,8,11,23,27,35,4,11,71034372.00,0
2015-12-18,Fri,6,22,26,29,48,5,6,83228800.00,1
2015-12-22,Tue,18,19,20,40,41,7,10,15000000.00,0
2015-12-25,Fri,3,10,25,27,40,3,9,24895055.00,0
2015-12-29,Tue,5,20,31,32,36,6,7,32342225.00,0
2016-01-01,Fri,4,37,38,39,44,4,7,42094520.00,0
2016-01-05,Tue,6,10,31,36,39,6,10,49900227.00,0
2016-01-08,Fri,5,26,33,35,40,3,8,61385482.00,0
2016-01-12,Tue,1,2,10,30,44,1,8,69720920.00,0
2016-01-15,Fri,10,19,38,43,46,1,11,81942691.00,0
2016-01-19,Tue,2,30,38,43,46,2,7,91076034.00,0
2016-01-22,Fri,10,12,27,30,47,8,9,104897309.00,0
2016-01-26,Tue,15,24,38,40,48,2,9,116044883.00,0
2016-01-29,Fri,1,5,23,29,32,1,7,132376632.00,1
2016-02-02,Tue,6,9,10,21,36,2,6,15000000.00,1
2016-02-05,Fri,3,27,32,41,46,4,8,15000000.00,0
2016-02-09,Tue,6,9,13,28,37,4,5,21863823.00,0
2016-02-12,Fri,3,20,28,31,49,2,5,32002496.00,1
2016-02-16,Tue,3,10,22,37,50,6,10,15000000.00,0
2016-02-19,Fri,13,14,30,32,39,3,9,24499668.00,0
2016-02-23,Tue,23,25,32,37,42,1,11,31340088.00,1
2016-02-26,Fri,5,13,15,33,50,9,11,15000000.00,1
2016-03-01,Tue,4,7,13,28,37,10,11,15000000.00,0
2016-03-04,Fri,9,14,16,23,40,1,5,25106903.00,0
2016-03-08,Tue,1,8,9,14,23,1,7,32079575.00,0
2016-03-11,Fri,1,21,26,40,43,6,9,42155765.00,0
2016-03-15,Tue,5,7,10,34,44,2,10,49339786.00,0
2016-03-18,Fri,14,19,21,24,49,5,11,59687034.00,1
2016-03-22,Tue,12,15,26,42,49,5,8,15000000.00,0
2016-03-25,Fri,12,19,36,42,43,5,8,24008506.00,0
2016-03-29,Tue,1,4,19,25,36,3,11,30177601.00,0
2016-04-01,Fri,2,16,23,25,49,6,9,39814044.00,0
2016-04-05,Tue,3,5,9,19,40,2,5,46881018.00,0
2016-04-08,Fri,6,8,26,43,49,6,10,57250088.00,0
2016-04-12,Tue,1,5,9,22,38,2,10,65001096.00,1
2016-04-15,Fri,13,14,32,37,48,1,7,15000000.00,0
2016-04-19,Tue,11,14,15,27,44,2,7,21367276.00,0
2016-04-22,Fri,17,26,32,34,43,2,10,30597279.00,0
2016-04-26,Tue,10,17,31,32,42,2,5,37322166.00,0
2016-04-29,Fri,4,5,25,28,43,6,11,47533437.00,0
2016-05-03,Tue,8,23,24,34,38,3,7,54692518.00,0
2016-05-06,Fri,32,34,40,45,48,1,10,64875522.00,0
2016-05-10,Tue,2,26,27,40,49,5,10,73002277.00,1
2016-05-13,Fri,7,15,28,31,42,10,11,15000000.00,0
2016-05-17,Tue,15,27,32,36,39,3,10,21222201.00,0
2016-05-20,Fri,9,14,30,41,45,4,9,30459054.00,0
2016-05-24,Tue,16,17,23,34,37,6,9,37111644.00,0
2016-05-27,Fri,13,25,27,43,46,4,8,47024761.00,0
2016-05-31,Tue,6,12,26,30,48,6,7,54237615.00,0
2016-06-03,Fri,7,23,31,33,39,6,10,64670538.00,0
2016-06-07,Tue,19,26,35,45,49,2,5,73037324.00,0
2016-06-10,Fri,14,21,35,42,43,7,9,85076371.00,1
2016-06-14,Tue,13,34,39,42,50,9,11,15000000.00,0
2016-06-17,Fri,1,7,18,27,43,4,8,23930261.00,0
2016-06-21,Tue,5,17,32,35,49,1,5,30372881.00,0
2016-06-24,Fri,11,19,27,28,39,3,10,39675953.00,1
2016-06-28,Tue,26,32,37,43,49,4,5,15000000.00,0
2016-07-01,Fri,2,11,13,40,50,1,10,23845060.00,1
2016-07-05,Tue,1,10,29,38,48,3,4,15000000.00,0
2016-07-08,Fri,8,12,18,33,44,4,8,23725445.00,0
2016-07-12,Tue,3,7,26,33,41,2,10,30023216.00,0
2016-07-15,Fri,2,11,13,14,21,1,8,38892370.00,0
2016-07-19,Tue,19,24,28,36,37,3,6,45336960.00,0
2016-07-22,Fri,7,24,26,37,45,5,9,54603405.00,0
2016-07-26,Tue,3,10,13,45,49,2,11,61762146.00,0
2016-07-29,Fri,1,21,26,40,50,2,4,72413419.00,1
2016-08-02,Tue,2,8,27,38,46,2,6,15000000.00,0
2016-08-05,Fri,16,19,24,35,37,2,7,23739150.00,0
2016-08-09,Tue,12,19,43,44,45,5,10,30094448.00,0
2016-08-12,Fri,2,15,28,36,50,2,11,39134895.00,0
2016-08-16,Tue,2,26,34,37,46,4,8,45434119.00,0
2016-08-19,Fri,5,6,22,25,34,5,7,54894441.00,1
2016-08-23,Tue,2,23,31,37,45,4,8,15000000.00,0
2016-08-26,Fri,1,9,28,30,48,7,8,23748325.00,0
2016-08-30,Tue,13,16,29,35,42,6,8,30018586.00,0
2016-09-02,Fri,8,16,32,40,50,2,11,39204300.00,1
2016-09-06,Tue,12,24,30,34,45,7,10,15000000.00,0
2016-09-09,Fri,4,11,15,17,28,1,3,23906431.00,0
2016-09-13,Tue,4,7,16,35,44,1,3,30386701.00,0
2016-09-16,Fri,5,8,14,22,32,2,11,39758892.00,1
2016-09-20,Tue,1,4,10,41,45,6,9,15000000.00,0
2016-09-23,Fri,14,16,39,42,49,3,9,23850387.00,1
2016-09-27,Tue,6,9,13,39,41,2,12,17000000.00,0
2016-09-30,Fri,17,35,37,43,44,2,10,130000000.00,0
2016-10-04,Tue,4,7,14,34,38,4,11,140796507.00,0
2016-10-07,Fri,2,12,20,27,30,9,11,155533572.00,0
2016-10-11,Tue,5,12,20,24,37,4,11,168085323.00,1
2016-10-14,Fri,7,13,19,31,34,1,11,17000000.00,0
2016-10-18,Tue,2,17,21,25,27,6,9,26452819.00,0
2016-10-21,Fri,9,20,23,44,48,8,10,39871819.00,0
2016-10-25,Tue,3,15,20,21,28,1,5,50108729.00,1
2016-10-28,Fri,10,16,19,23,43,2,8,17375733.00,1
2016-11-01,Tue,6,10,20,29,37,1,9,17000000.00,0
2016-11-04,Fri,7,11,12,44,48,3,7,30088611.00,0
2016-11-08,Tue,5,9,47,49,50,8,9,39336342.00,1
2016-11-11,Fri,3,22,23,38,49,2,9,17000000.00,0
2016-11-15,Tue,7,15,36,42,48,3,7,25643917.00,0
2016-11-18,Fri,3,12,27,32,47,6,8,38149039.00,0
2016-11-22,Tue,5,10,33,34,47,2,10,47367563.00,0
2016-11-25,Fri,5,11,17,23,28,10,11,61141778.00,1
2016-11-29,Tue,21,26,27,28,38,9,11,17000000.00,0
2016-12-02,Fri,6,11,23,31,32,2,12,29377167.00,1
2016-12-06,Tue,1,7,11,27,45,4,9,17000000.00,0
2016-12-09,Fri,6,12,28,37,40,1,5,29101354.00,0
2016-12-13,Tue,14,28,29,48,50,2,8,38164327.00,0
2016-12-16,Fri,6,10,30,41,45,4,11,51365465.00,0
2016-12-20,Tue,13,15,17,21,27,2,3,61653352.00,1
2016-12-23,Fri,4,16,20,39,46,2,5,17000000.00,0
2016-12-27,Tue,3,22,25,32,39,7,12,25251858.00,1
2016-12-30,Fri,8,10,22,29,47,1,3,17000000.00,0
2017-01-03,Tue,19,23,27,34,49,1,11,25365762.00,0
2017-01-06,Fri,10,14,18,21,49,9,11,37152275.00,0
2017-01-10,Tue,2,11,29,35,44,4,9,46366060.00,0
2017-01-13,Fri,3,7,16,26,50,4,7,61704973.00,0
2017-01-17,Tue,4,16,25,43,47,2,10,72166974.00,0
2017-01-20,Fri,10,17,27,31,49,3,5,81343946.00,0
2017-01-24,Tue,1,5,7,17,23,3,8,88587275.00,1
2017-01-27,Fri,17,20,28,45,48,5,9,17000000.00,0
2017-01-31,Tue,3,4,17,23,44,6,9,25880509.00,1
2017-02-03,Fri,3,4,15,46,50,5,9,17000000.00,0
2017-02-07,Tue,4,10,31,38,44,8,10,25508738.00,0
2017-02-10,Fri,7,21,26,35,43,2,9,37780528.00,0
2017-02-14,Tue,2,10,24,40,44,3,10,47141418.00,1
2017-02-17,Fri,19,25,33,36,48,2,9,17000000.00,1
2017-02-21,Tue,13,19,41,45,49,3,4,17000000.00,0
2017-02-24,Fri,2,4,13,22,43,8,9,28811185.00,0
2017-02-28,Tue,10,20,31,35,42,2,12,37350466.00,0
2017-03-03,Fri,2,11,29,30,47,1,12,50129163.00,0
2017-03-07,Tue,6,37,41,48,50,4,5,59887734.00,0
2017-03-10,Fri,31,36,38,47,49,8,11,73878559.00,0
2017-03-14,Tue,3,5,21,36,44,3,6,0.00,1
2017-03-17,Fri,6,10,19,29,36,3,9,17000000.00,0
2017-03-21,Tue,1,20,23,44,47,4,11,25165272.00,0
2017-03-24,Fri,2,17,21,27,34,5,9,36870612.00,0
2017-03-28,Tue,9,13,31,33,46,6,10,45620296.00,0
2017-03-31,Fri,17,24,26,28,45,4,12,58432786.00,0
2017-04-04,Tue,1,9,24,33,34,2,6,68205610.00,0
2017-04-07,Fri,2,10,19,35,50,6,7,76652440.00,0
2017-04-11,Tue,5,21,22,31,49,2,8,83397527.00,1
2017-04-14,Fri,4,14,20,23,33,6,10,17000000.00,0
2017-04-18,Tue,17,22,31,38,45,5,12,24655351.00,0
2017-04-21,Fri,2,13,16,22,49,4,5,36047524.00,0
2017-04-25,Tue,9,11,19,32,43,3,9,44628597.00,0
2017-04-28,Fri,14,20,25,30,39,2,8,57367996.00,0
2017-05-02,Tue,6,19,23,25,27,11,12,66014926.00,0
2017-05-05,Fri,3,7,30,35,43,1,3,74483969.00,0
2017-05-09,Tue,8,12,16,22,26,6,7,81075588.00,0
2017-05-12,Fri,2,20,28,29,44,3,9,90507121.00,0
2017-05-16,Tue,8,11,15,20,30,3,8,98136932.00,0
2017-05-19,Fri,9,11,12,19,30,4,9,109192064.00,0
2017-05-23,Tue,8,15,25,27,42,1,4,118337309.00,0
2017-05-26,Fri,5,7,26,36,39,2,10,130028601.00,0
2017-05-30,Tue,7,12,27,38,48,6,9,139962742.00,0
2017-06-02,Fri,8,10,24,33,42,3,9,153873716.00,1
2017-06-06,Tue,20,22,25,37,40,3,7,17000000.00,0
2017-06-09,Fri,9,20,27,39,43,10,11,29190553.00,0
2017-06-13,Tue,3,12,22,27,49,4,11,38110538.00,0
2017-06-16,Fri,15,17,38,41,42,9,12,50405630.00,0
2017-06-20,Tue,11,18,26,43,44,8,10,59644334.00,0
2017-06-23,Fri,3,4,21,31,38,3,7,72762689.00,0
2017-06-27,Tue,9,17,21,28,45,1,3,79203977.00,0
2017-06-30,Fri,17,35,39,47,50,6,8,100000000.00,1
2017-07-04,Tue,10,22,25,37,49,5,8,17000000.00,0
2017-07-07,Fri,11,20,35,37,45,3,6,28975630.00,1
2017-07-11,Tue,14,22,26,42,50,8,10,17000000.00,1
2017-07-14,Fri,11,14,20,21,47,7,10,17000000.00,0
2017-07-18,Tue,1,25,27,41,45,5,7,25104936.00,0
2017-07-21,Fri,1,8,9,26,49,5,9,36567350.00,0
2017-07-25,Tue,12,14,43,44,48,2,11,45205505.00,0
2017-07-28,Fri,5,9,29,31,41,2,4,57871110.00,1
2017-08-01,Tue,14,21,24,29,30,8,10,17000000.00,0
2017-08-04,Fri,29,30,36,40,41,2,9,28246597.00,0
2017-08-08,Tue,15,25,26,40,41,4,5,36563144.00,1
2017-08-11,Fri,18,28,39,46,48,5,12,17000000.00,0
2017-08-15,Tue,10,14,30,35,46,4,10,24238049.00,0
2017-08-18,Fri,2,24,39,42,45,2,8,35595611.00,0
2017-08-22,Tue,3,10,12,17,27,3,5,44105265.00,1
2017-08-25,Fri,1,5,7,15,47,9,12,17000000.00,1
2017-08-29,Tue,4,12,15,32,38,1,5,17000000.00,0
2017-09-01,Fri,3,7,8,14,49,5,8,28287321.00,1
2017-09-05,Tue,6,9,18,28,29,1,9,17000000.00,0
2017-09-08,Fri,9,24,42,47,49,1,5,28504963.00,0
2017-09-12,Tue,10,17,27,29,35,4,11,37430146.00,0
2017-09-15,Fri,13,18,37,44,49,9,12,130000000.00,0
2017-09-19,Tue,1,8,21,30,45,2,3,139531728.00,0
2017-09-22,Fri,6,11,31,39,42,1,3,152701511.00,0
2017-09-26,Tue,1,29,40,41,48,6,12,163620566.00,0
2017-09-29,Fri,7,18,19,32,48,3,7,178941892.00,0
2017-10-03,Tue,6,24,32,48,50,1,5,190000000.00,0
2017-10-06,Fri,1,9,15,19,25,1,7,190000000.00,1
2017-10-10,Tue,4,21,34,36,37,3,6,17000000.00,0
2017-10-13,Fri,23,29,37,45,50,5,11,33140111.00,0
2017-10-17,Tue,13,17,19,26,36,2,3,42395360.00,0
2017-10-20,Fri,4,17,23,27,30,3,8,55649983.00,0
2017-10-24,Tue,9,11,13,27,33,7,10,65407072.00,1
2017-10-27,Fri,3,16,23,32,39,1,4,17000000.00,1
2017-10-31,Tue,1,12,36,43,46,3,5,17000000.00,0
2017-11-03,Fri,5,12,17,33,41,4,9,28709464.00,1
2017-11-07,Tue,7,19,20,37,41,2,12,17000000.00,0
2017-11-10,Fri,13,22,29,36,37,1,9,29800638.00,0
2017-11-14,Tue,14,16,39,40,41,8,10,38477171.00,0
2017-11-17,Fri,20,26,35,36,42,5,12,51634094.00,0
2017-11-21,Tue,2,10,14,28,31,5,7,61046362.00,0
2017-11-24,Fri,19,24,28,30,50,3,10,74515266.00,0
2017-11-28,Tue,1,6,12,18,42,2,7,80976656.00,0
2017-12-01,Fri,5,24,29,35,46,11,12,90060314.00,0
2017-12-05,Tue,11,36,43,44,48,2,7,97420825.00,0
2017-12-08,Fri,4,22,30,32,34,3,4,107213099.00,0
2017-12-12,Tue,20,37,39,44,50,4,8,115458908.00,0
2017-12-15,Fri,25,30,31,42,50,2,11,126429055.00,0
2017-12-19,Tue,8,15,30,38,46,4,7,135346147.00,1
2017-12-22,Fri,5,24,30,31,43,3,6,17000000.00,0
2017-12-26,Tue,4,17,30,43,44,2,10,24717288.00,0
2017-12-29,Fri,4,8,22,23,48,1,12,38906715.00,1
2018-01-02,Tue,10,20,21,28,48,1,8,17000000.00,0
2018-01-05,Fri,2,5,20,38,41,4,8,28911186.00,0
2018-01-09,Tue,6,12,15,38,49,2,9,37933940.00,0
2018-01-12,Fri,13,21,23,30,45,4,6,51154443.00,0
2018-01-16,Tue,20,23,31,34,46,3,12,61162041.00,0
2018-01-19,Fri,3,8,17,44,50,2,7,75062596.00,0
2018-01-23,Tue,5,8,9,23,24,7,8,81794527.00,0
2018-01-26,Fri,6,15,24,28,48,4,9,91021687.00,0
2018-01-30,Tue,11,15,21,27,35,4,5,98248326.00,0
2018-02-02,Fri,14,34,36,39,48,2,3,108738581.00,0
2018-02-06,Tue,8,17,28,34,38,6,12,117593590.00,0
2018-02-09,Fri,22,31,36,38,44,1,11,129291731.00,0
2018-02-13,Tue,10,13,17,21,44,1,10,138421493.00,0
2018-02-16,Fri,10,12,23,32,50,4,10,150559073.00,0
2018-02-20,Tue,6,14,19,25,29,5,11,161121640.00,0
2018-02-23,Fri,10,17,18,28,47,3,7,177724496.00,1
2018-02-27,Tue,3,31,41,48,50,8,11,17000000.00,0
2018-03-02,Fri,2,7,34,45,48,1,12,29164811.00,0
2018-03-06,Tue,15,20,26,31,44,2,9,38461489.00,0
2018-03-09,Fri,9,14,21,32,44,1,12,51518629.00,0
2018-03-13,Tue,9,11,13,33,49,6,12,61521581.00,1
2018-03-16,Fri,4,17,24,27,31,10,11,17000000.00,0
2018-03-20,Tue,26,29,37,39,44,9,11,25434576.00,0
2018-03-23,Fri,5,7,11,46,50,8,11,37457698.00,0
2018-03-27,Tue,17,20,23,40,46,9,10,46327391.00,0
2018-03-30,Fri,12,17,28,35,47,7,11,58701125.00,0
2018-04-03,Tue,3,8,16,40,43,5,8,67723106.00,0
2018-04-06,Fri,1,29,33,45,47,4,8,76119641.00,1
2018-04-10,Tue,14,27,39,46,48,11,12,17000000.00,1
2018-04-13,Fri,5,25,34,48,50,6,7,17000000.00,0
2018-04-17,Tue,15,27,33,39,50,4,6,25723280.00,0
2018-04-20,Fri,3,16,25,39,44,7,11,130000000.00,0
2018-04-24,Tue,20,23,28,30,44,3,7,138724202.00,1
2018-04-27,Fri,12,24,40,41,46,5,12,17000000.00,0
2018-05-01,Tue,6,15,17,42,48,4,6,24728362.00,0
2018-05-04,Fri,6,12,23,39,45,9,12,36945285.00,0
2018-05-08,Tue,17,25,35,39,44,2,5,45566998.00,1
2018-05-11,Fri,3,22,34,49,50,8,11,17000000.00,0
2018-05-15,Tue,4,16,20,31,39,2,12,25146151.00,0
2018-05-18,Fri,5,8,10,13,31,3,6,36663314.00,0
2018-05-22,Tue,1,11,37,41,48,8,12,44872308.00,0
2018-05-25,Fri,13,15,16,28,41,4,5,57140617.00,0
2018-05-29,Tue,6,11,20,38,43,2,4,66136267.00,0
2018-06-01,Fri,17,18,24,29,40,4,5,74290358.00,1
2018-06-05,Tue,9,15,22,39,46,4,5,17000000.00,1
2018-06-08,Fri,8,19,32,43,46,2,8,17000000.00,1
2018-06-12,Tue,7,21,23,36,38,6,8,17000000.00,0
2018-06-15,Fri,23,26,33,38,49,1,12,28072727.00,0
2018-06-19,Tue,7,19,26,42,50,4,9,36158964.00,1
2018-06-22,Fri,14,25,39,41,44,2,8,17000000.00,0
2018-06-26,Tue,15,16,20,34,50,4,7,24657714.00,0
2018-06-29,Fri,15,21,23,40,48,3,12,35759659.00,0
2018-07-03,Tue,1,12,15,29,48,3,5,44211419.00,0
2018-07-06,Fri,8,30,33,38,48,2,10,56241097.00,0
2018-07-10,Tue,3,8,26,33,45,7,10,65538512.00,1
2018-07-13,Fri,1,4,14,21,49,2,12,17000000.00,1
2018-07-17,Tue,4,6,27,48,50,1,11,17000000.00,0
2018-07-20,Fri,2,15,40,43,46,3,6,27914266.00,0
2018-07-24,Tue,2,4,23,39,40,3,9,35993507.00,0
2018-07-27,Fri,11,17,22,23,41,6,11,47636023.00,0
2018-07-31,Tue,20,25,34,42,45,6,11,56774958.00,0
2018-08-03,Fri,7,26,36,38,43,6,12,69369394.00,0
2018-08-07,Tue,16,28,29,30,36,8,10,75479227.00,0
2018-08-10,Fri,18,20,36,43,44,3,9,83831487.00,0
2018-08-14,Tue,1,15,18,25,31,9,11,90786197.00,0
2018-08-17,Fri,2,15,18,24,43,8,12,99896146.00,0
2018-08-21,Tue,16,23,42,43,49,10,12,107839228.00,1
2018-08-24,Fri,3,14,31,36,50,1,12,17000000.00,0
2018-08-28,Tue,4,16,32,42,46,8,12,25031511.00,0
2018-08-31,Fri,4,30,31,38,42,4,6,36535987.00,0
2018-09-04,Tue,5,14,28,30,47,4,11,45447459.00,1
2018-09-07,Fri,4,23,27,31,50,1,8,17000000.00,0
2018-09-11,Tue,9,18,32,38,46,2,3,25114954.00,0
2018-09-14,Fri,1,3,33,40,45,3,4,36785881.00,0
2018-09-18,Tue,3,8,10,32,45,4,12,45748295.00,0
2018-09-21,Fri,5,7,21,25,37,3,4,130000000.00,0
2018-09-25,Tue,6,15,20,30,38,4,7,139272150.00,0
2018-09-28,Fri,2,4,8,27,50,2,9,151876472.00,0
2018-10-02,Tue,7,17,29,37,45,3,11,162403002.00,1
2018-10-05,Fri,8,16,24,26,35,3,11,17000000.00,1
2018-10-09,Tue,3,12,36,44,45,8,11,17000000.00,0
2018-10-12,Fri,4,9,12,31,43,5,8,28511487.00,0
2018-10-16,Tue,15,28,37,40,42,1,6,37140191.00,0
2018-10-19,Fri,1,3,29,47,48,3,12,49434483.00,0
2018-10-23,Tue,1,2,5,21,32,2,12,58925021.00,0
2018-10-26,Fri,5,18,21,31,35,6,9,72210652.00,0
2018-10-30,Tue,17,23,27,43,44,1,12,78587093.00,0
2018-11-02,Fri,5,15,17,37,44,7,11,87021202.00,1
2018-11-06,Tue,14,24,36,40,43,2,9,17000000.00,0
2018-11-09,Fri,14,17,32,37,49,11,12,29387682.00,0
2018-11-13,Tue,2,7,10,13,42,3,6,38112925.00,0
2018-11-16,Fri,9,10,13,28,41,1,12,50340148.00,1
2018-11-20,Tue,6,19,39,45,48,7,12,17000000.00,0
2018-11-23,Fri,5,8,25,26,30,3,10,28078913.00,0
2018-11-27,Tue,4,16,17,18,32,2,11,36531328.00,0
2018-11-30,Fri,3,10,12,23,26,1,12,48850310.00,0
2018-12-04,Tue,19,20,21,42,45,8,9,58045709.00,0
2018-12-07,Fri,11,17,26,37,48,1,10,70885902.00,0
2018-12-11,Tue,4,7,13,23,42,1,3,77047465.00,0
2018-12-14,Fri,12,29,38,42,44,2,12,85503050.00,0
2018-12-18,Tue,1,9,18,39,48,5,7,92347677.00,0
2018-12-21,Fri,2,12,15,34,50,3,4,102382992.00,0
2018-12-25,Tue,4,5,8,31,43,2,9,109785346.00,0
2018-12-28,Fri,13,16,34,35,45,10,12,120363454.00,0
2019-01-01,Tue,1,8,11,25,28,4,6,129645665.00,1
2019-01-04,Fri,7,11,19,27,37,6,10,17000000.00,0
2019-01-08,Tue,3,19,22,31,32,2,11,25825451.00,0
2019-01-11,Fri,1,19,31,39,48,1,6,38040648.00,0
2019-01-15,Tue,22,25,29,33,35,3,6,47436060.00,0
2019-01-18,Fri,5,6,16,30,46,5,10,60264632.00,0
2019-01-22,Tue,9,23,29,41,49,8,10,70256484.00,0
2019-01-25,Fri,1,6,13,15,16,6,10,78799794.00,0
2019-01-29,Tue,14,24,26,32,39,3,8,85646002.00,0
2019-02-01,Fri,3,21,26,41,46,1,6,120000000.00,0
2019-02-05,Tue,14,25,31,37,43,2,3,129262876.00,0
2019-02-08,Fri,11,12,13,39,46,7,10,141607621.00,0
2019-02-12,Tue,6,34,36,41,50,1,5,151629098.00,0
2019-02-15,Fri,15,27,34,38,49,2,10,164624365.00,0
2019-02-19,Tue,1,8,18,19,39,7,9,175475380.00,1
2019-02-22,Fri,3,27,29,33,50,3,7,17000000.00,0
2019-02-26,Tue,3,15,29,35,47,3,4,25879457.00,0
2019-03-01,Fri,6,9,19,26,31,11,12,40737694.00,0
2019-03-05,Tue,6,10,16,39,46,8,11,50394785.00,0
2019-03-08,Fri,17,18,19,24,40,4,8,63920702.00,0
2019-03-12,Tue,5,7,13,19,31,2,9,74349024.00,0
2019-03-15,Fri,3,15,24,42,46,9,12,83410540.00,1
2019-03-19,Tue,1,6,9,34,47,7,12,17000000.00,0
2019-03-22,Fri,4,17,26,30,43,6,11,28719145.00,0
2019-03-26,Tue,12,19,23,43,47,2,6,37479115.00,0
2019-03-29,Fri,13,23,26,32,47,6,10,49918767.00,0
2019-04-02,Tue,2,9,16,26,36,6,7,59503555.00,0
2019-04-05,Fri,1,7,10,29,45,3,5,72846386.00,0
2019-04-09,Tue,18,21,29,38,41,1,11,79149373.00,1
2019-04-12,Fri,1,28,35,36,46,6,9,17000000.00,0
2019-04-16,Tue,1,8,15,44,49,2,11,25270377.00,0
2019-04-19,Fri,7,8,32,41,49,5,11,36104655.00,0
2019-04-23,Tue,18,23,27,42,44,2,7,44153561.00,1
2019-04-26,Fri,14,33,35,47,50,9,11,17000000.00,0
2019-04-30,Tue,5,12,20,26,48,2,11,25326022.00,1
2019-05-03,Fri,2,9,20,27,43,5,6,17000000.00,0
2019-05-07,Tue,7,20,26,32,47,2,11,25024461.00,1
2019-05-10,Fri,1,4,27,45,48,1,7,17000000.00,0
2019-05-14,Tue,10,14,17,25,50,2,10,24956872.00,0
2019-05-17,Fri,16,28,42,43,45,6,7,36088260.00,0
2019-05-21,Tue,32,33,34,39,47,8,12,44599323.00,0
2019-05-24,Fri,5,16,23,30,49,6,7,56397248.00,0
2019-05-28,Tue,7,19,20,28,29,1,5,65353668.00,1
2019-05-31,Fri,1,23,24,26,35,1,11,17000000.00,0
2019-06-04,Tue,9,31,32,39,41,2,8,25380126.00,0
2019-06-07,Fri,1,4,16,20,34,2,5,130000000.00,0
2019-06-11,Tue,25,27,39,42,46,11,12,138716863.00,1
2019-06-14,Fri,1,13,30,31,39,2,7,17000000.00,0
2019-06-18,Tue,12,24,37,40,44,3,7,25307673.00,0
2019-06-21,Fri,5,8,9,25,39,3,7,36686125.00,0
2019-06-25,Tue,6,26,27,34,46,1,9,45289917.00,0
2019-06-28,Fri,1,3,16,33,49,2,11,57532742.00,0
2019-07-02,Tue,11,19,29,44,45,8,12,67120223.00,0
2019-07-05,Fri,2,9,20,34,42,6,9,75229368.00,0
2019-07-09,Tue,7,29,32,36,41,6,7,81747157.00,0
2019-07-12,Fri,2,31,39,45,47,4,8,90471737.00,0
2019-07-16,Tue,3,5,13,18,39,7,8,97518039.00,0
2019-07-19,Fri,13,14,17,26,28,2,7,107683454.00,1
2019-07-23,Tue,1,14,19,23,38,3,7,17000000.00,0
2019-07-26,Fri,2,5,27,37,42,3,10,27844950.00,0
2019-07-30,Tue,15,20,23,27,40,3,6,36345090.00,0
2019-08-02,Fri,13,22,33,44,50,2,5,48088964.00,0
2019-08-06,Tue,12,13,29,36,38,4,12,57394563.00,0
2019-08-09,Fri,2,14,35,41,42,10,11,70120308.00,0
2019-08-13,Tue,13,29,31,33,40,2,3,76458286.00,0
2019-08-16,Fri,9,10,27,37,42,1,5,84510207.00,0
2019-08-20,Tue,20,22,23,24,37,1,4,91270047.00,0
2019-08-23,Fri,4,17,35,42,45,2,8,100840609.00,0
2019-08-27,Tue,8,26,35,43,47,1,9,108433046.00,0
2019-08-30,Fri,25,27,45,46,49,4,6,119176433.00,0
2019-09-03,Tue,7,11,38,39,44,7,10,128170100.00,0
2019-09-06,Fri,10,13,22,40,48,2,5,139970283.00,0
2019-09-10,Tue,3,22,25,30,49,3,6,149857027.00,0
2019-09-13,Fri,1,12,27,42,47,6,7,164055006.00,0
2019-09-17,Tue,22,37,43,44,45,1,12,175143429.00,0
2019-09-20,Fri,8,21,25,38,50,4,8,189603734.00,0
2019-09-24,Tue,2,33,42,47,48,1,2,190000000.00,0
2019-09-27,Fri,24,37,41,43,46,2,8,190000000.00,0
2019-10-01,Tue,2,11,18,40,46,1,4,190000000.00,0
2019-10-04,Fri,6,9,35,41,44,6,9,190000000.00,0
2019-10-08,Tue,7,10,15,44,49,3,12,190000000.00,1
2019-10-11,Fri,2,14,19,42,45,5,6,17000000.00,0
2019-10-15,Tue,3,28,31,32,34,4,5,26357631.00,0
2019-10-18,Fri,8,18,22,41,42,11,12,38860931.00,0
2019-10-22,Tue,2,5,32,33,47,7,8,48515733.00,0
2019-10-25,Fri,34,37,39,40,50,4,10,61669532.00,0
2019-10-29,Tue,16,18,28,42,49,5,10,72065538.00,0
2019-11-01,Fri,2,20,39,44,48,5,7,80266472.00,0
2019-11-05,Tue,9,14,25,33,48,2,12,87082433.00,0
2019-11-08,Fri,8,17,20,23,45,2,8,97372165.00,0
2019-11-12,Tue,1,21,23,25,39,2,4,104800336.00,0
2019-11-15,Fri,3,13,20,32,34,4,11,114675404.00,0
2019-11-19,Tue,8,10,15,30,42,4,6,122766852.00,1
2019-11-22,Fri,3,21,32,34,48,3,11,17000000.00,0
2019-11-26,Tue,2,3,15,19,34,5,8,25884845.00,0
2019-11-29,Fri,3,7,12,42,50,6,8,38399547.00,0
2019-12-03,Tue,18,31,32,38,48,4,12,48061132.00,1
2019-12-06,Fri,1,3,27,39,46,1,10,17000000.00,0
2019-12-10,Tue,2,10,19,21,47,2,8,25800035.00,0
2019-12-13,Fri,9,16,18,23,32,2,10,39409788.00,0
2019-12-17,Tue,1,7,12,25,49,6,9,48949099.00,1
2019-12-20,Fri,8,24,30,32,34,3,4,17000000.00,0
2019-12-24,Tue,3,11,13,14,47,3,6,27481033.00,0
2019-12-27,Fri,1,7,22,26,35,5,10,38682870.00,0
2019-12-31,Tue,26,31,33,41,48,2,4,52720345.00,0
2020-01-03,Fri,5,15,20,36,47,8,12,64992459.00,0
2020-01-07,Tue,5,8,12,37,43,6,11,75337663.00,0
2020-01-10,Fri,6,17,32,44,46,2,6,84145912.00,0
2020-01-14,Tue,21,25,29,39,44,8,9,91228644.00,0
2020-01-17,Fri,8,19,20,29,44,3,8,100779289.00,1
2020-01-21,Tue,10,11,24,36,46,3,5,17000000.00,0
2020-01-24,Fri,3,4,6,9,24,5,8,28601720.00,1
2020-01-28,Tue,1,19,27,31,38,4,5,17000000.00,0
2020-01-31,Fri,13,18,20,23,30,2,4,28934315.00,0
2020-02-04,Tue,21,23,33,35,47,6,7,40857417.00,0
2020-02-07,Fri,9,15,17,25,40,3,9,130000000.00,1
2020-02-11,Tue,24,26,32,43,46,6,10,17000000.00,1
2020-02-14,Fri,5,20,35,41,49,6,10,17000000.00,0
2020-02-18,Tue,11,32,34,38,47,2,10,27039366.00,0
2020-02-21,Fri,7,23,30,32,45,5,9,41085850.00,0
2020-02-25,Tue,1,4,18,27,42,4,6,51940006.00,0
2020-02-28,Fri,8,11,20,22,23,3,4,67084644.00,1
2020-03-03,Tue,4,14,27,44,45,1,10,17000000.00,0
2020-03-06,Fri,15,38,43,45,46,1,11,30399605.00,0
2020-03-10,Tue,11,23,30,37,43,5,12,40555593.00,0
2020-03-13,Fri,3,11,21,27,36,9,10,55850379.00,0
2020-03-17,Tue,5,7,8,16,20,2,12,63600033.00,1
2020-03-20,Fri,3,9,20,34,40,6,12,17000000.00,1
2020-03-24,Tue,7,12,26,30,33,10,11,17000000.00,0
2020-03-27,Fri,11,14,27,41,46,2,3,24704307.00,0
2020-03-31,Tue,12,17,24,30,36,1,9,30777246.00,0
2020-04-03,Fri,16,19,34,46,50,2,6,39141320.00,0
2020-04-07,Tue,4,5,14,33,48,7,12,45796215.00,0
2020-04-10,Fri,3,10,17,33,39,1,4,53434751.00,0
2020-04-14,Tue,6,29,34,35,40,4,11,59184725.00,0
2020-04-17,Fri,16,28,32,37,45,1,11,67188313.00,1
2020-04-21,Tue,10,11,14,23,28,6,8,17000000.00,0
2020-04-24,Fri,1,5,19,21,28,4,7,25497940.00,0
2020-04-28,Tue,15,23,26,28,32,1,5,32299012.00,0
2020-05-01,Fri,19,20,38,45,47,2,6,41201741.00,0
2020-05-05,Tue,2,10,22,27,41,2,3,48838406.00,0
2020-05-08,Fri,8,25,32,33,38,7,9,57015368.00,0
2020-05-12,Tue,9,16,29,37,39,4,11,63861474.00,0
2020-05-15,Fri,11,23,32,34,39,1,6,72969058.00,1
2020-05-19,Tue,5,25,32,37,43,6,7,17000000.00,0
2020-05-22,Fri,3,18,22,27,32,2,7,28245446.00,0
2020-05-26,Tue,4,9,14,21,27,4,6,37143480.00,1
2020-05-29,Fri,4,8,11,19,46,4,8,17000000.00,1
2020-06-02,Tue,10,12,22,26,49,7,11,17000000.00,0
2020-06-05,Fri,5,11,17,24,37,3,6,29131137.00,0
2020-06-09,Tue,5,15,27,36,46,2,8,38666415.00,0
2020-06-12,Fri,2,24,39,45,46,4,8,51583717.00,1
2020-06-16,Tue,4,9,11,17,39,2,10,17000000.00,0
2020-06-19,Fri,5,14,19,24,43,3,11,29065639.00,0
2020-06-23,Tue,2,12,19,46,49,1,8,38429546.00,0
2020-06-26,Fri,1,10,12,21,26,5,11,51471751.00,0
2020-06-30,Tue,1,6,11,28,42,2,10,62297693.00,0
2020-07-03,Fri,4,16,27,37,39,3,6,130000000.00,0
2020-07-07,Tue,12,16,23,33,41,8,10,144542315.00,1
2020-07-10,Fri,15,17,23,30,38,2,7,17000000.00,0
2020-07-14,Tue,11,22,30,37,47,9,10,26440749.00,0
2020-07-17,Fri,7,15,27,41,43,7,9,39348808.00,0
2020-07-21,Tue,14,15,24,29,42,2,4,49564587.00,1
2020-07-24,Fri,8,9,27,28,50,4,12,17000000.00,0
2020-07-28,Tue,9,13,15,17,34,2,7,26261754.00,0
2020-07-31,Fri,21,24,30,46,49,2,5,38953665.00,0
2020-08-04,Tue,1,2,5,15,42,5,8,49112673.00,0
2020-08-07,Fri,5,20,21,36,41,6,11,64058391.00,0
2020-08-11,Tue,8,13,14,42,50,3,9,73494414.00,0
2020-08-14,Fri,9,10,19,42,49,4,12,86162555.00,0
2020-08-18,Tue,6,12,17,34,42,5,12,96747721.00,0
2020-08-21,Fri,10,15,35,44,50,3,5,111858946.00,0
2020-08-25,Tue,7,18,30,37,39,8,10,125020060.00,0
2020-08-28,Fri,7,12,16,17,31,7,9,142306851.00,0
2020-09-01,Tue,4,8,10,33,46,8,11,157170843.00,1
2020-09-04,Fri,6,22,29,40,43,4,7,17000000.00,0
2020-09-08,Tue,2,9,31,35,41,9,12,27031840.00,0
2020-09-11,Fri,34,38,42,43,45,9,12,40532810.00,0
2020-09-15,Tue,16,20,25,30,38,6,8,51364535.00,0
2020-09-18,Fri,2,10,19,25,45,1,7,67276035.00,0
2020-09-22,Tue,16,25,28,39,40,1,6,77251357.00,0
2020-09-25,Fri,19,23,34,37,45,1,7,130000000.00,1
2020-09-29,Tue,4,14,16,41,44,11,12,17000000.00,0
2020-10-02,Fri,6,12,15,40,45,3,9,30627859.00,1
2020-10-06,Tue,4,21,36,41,47,9,11,17000000.00,0
2020-10-09,Fri,11,15,35,41,50,5,8,30301316.00,0
2020-10-13,Tue,5,14,38,41,46,1,10,40315607.00,0
2020-10-16,Fri,15,33,38,40,50,3,6,54453448.00,0
2020-10-20,Tue,5,6,15,37,42,3,4,65338543.00,0
2020-10-23,Fri,10,15,19,21,23,3,12,77965255.00,0
2020-10-27,Tue,13,15,28,32,44,3,12,87757466.00,1
2020-10-30,Fri,12,16,20,21,28,3,9,17000000.00,0
2020-11-03,Tue,5,7,18,20,30,6,7,26511570.00,0
2020-11-06,Fri,7,12,37,40,50,1,2,39829739.00,0
2020-11-10,Tue,3,19,29,32,38,5,12,50553655.00,0
2020-11-13,Fri,1,5,17,28,31,1,10,67599950.00,0
2020-11-17,Tue,16,19,25,30,44,2,6,77412811.00,0
2020-11-20,Fri,28,29,39,48,50,5,7,130000000.00,0
2020-11-24,Tue,25,33,38,42,50,8,12,144228546.00,0
2020-11-27,Fri,2,5,8,14,16,8,9,163105527.00,0
2020-12-01,Tue,14,20,29,47,49,4,12,178983729.00,0
2020-12-04,Fri,14,20,27,34,38,1,11,200000000.00,0
2020-12-08,Tue,1,4,21,24,46,2,12,200000000.00,0
2020-12-11,Fri,6,9,13,24,41,3,12,200000000.00,1
2020-12-15,Tue,9,13,21,29,35,1,2,17000000.00,0
2020-12-18,Fri,2,3,13,17,21,7,8,31733127.00,0
2020-12-22,Tue,2,10,16,42,50,4,11,43704037.00,1
2020-12-25,Fri,16,21,27,30,32,3,5,17000000.00,0
2020-12-29,Tue,7,32,39,40,45,3,8,28138113.00,0
2021-01-01,Fri,16,28,32,44,48,1,9,44958140.00,1
2021-01-05,Tue,12,34,37,38,42,1,3,17000000.00,0
2021-01-08,Fri,18,23,37,41,42,4,6,30824040.00,0
2021-01-12,Tue,2,10,18,34,35,6,9,41607178.00,0
2021-01-15,Fri,4,10,27,38,40,3,11,56331898.00,0
2021-01-19,Tue,25,27,31,35,43,5,6,67733808.00,0
2021-01-22,Fri,8,16,42,44,47,6,7,80566353.00,1
2021-01-26,Tue,5,7,25,37,40,2,8,17000000.00,0
2021-01-29,Fri,1,5,27,36,42,1,6,30681161.00,0
2021-02-02,Tue,18,20,35,38,48,9,12,41721143.00,0
2021-02-05,Fri,12,19,37,44,45,2,6,130000000.00,0
2021-02-09,Tue,5,10,24,31,37,9,10,145042671.00,0
2021-02-12,Fri,7,23,30,32,36,8,12,164677184.00,0
2021-02-16,Tue,5,9,25,29,30,6,7,180847515.00,0
2021-02-19,Fri,4,12,25,46,48,7,12,206564757.00,0
2021-02-23,Tue,9,18,30,39,45,1,3,210000000.00,0
2021-02-26,Fri,6,12,22,29,33,6,11,210000000.00,1
2021-03-02,Tue,2,19,24,26,49,6,7,17000000.00,0
2021-03-05,Fri,4,5,39,46,48,7,10,32402008.00,0
2021-03-09,Tue,1,16,21,32,33,11,12,44153103.00,0
2021-03-12,Fri,4,6,9,11,44,10,11,60764885.00,0
2021-03-16,Tue,23,25,32,35,47,2,6,73410604.00,0
2021-03-19,Fri,3,9,35,43,44,1,10,87587639.00,0
2021-03-23,Tue,2,26,29,36,49,3,9,99009615.00,0
2021-03-26,Fri,10,12,37,49,50,3,8,115321837.00,0
2021-03-30,Tue,24,27,28,29,42,4,8,128213947.00,0
2021-04-02,Fri,4,21,34,40,47,2,5,144755907.00,1
2021-04-06,Tue,2,21,37,38,50,7,8,17000000.00,0
2021-04-09,Fri,2,8,32,35,44,8,11,31216341.00,0
2021-04-13,Tue,16,20,31,47,50,2,8,42155143.00,0
2021-04-16,Fri,6,11,29,40,48,5,9,56913174.00,0
2021-04-20,Tue,5,17,28,41,46,10,11,68414615.00,1
2021-04-23,Fri,3,14,15,19,29,2,8,17000000.00,0
2021-04-27,Tue,13,14,24,35,49,1,10,27232271.00,0
2021-04-30,Fri,1,16,24,28,46,2,11,43409687.00,0
2021-05-04,Tue,3,10,13,28,46,4,11,54222329.00,0
2021-05-07,Fri,14,22,33,38,47,8,9,69463976.00,1
2021-05-11,Tue,14,25,34,43,46,5,6,17000000.00,0
2021-05-14,Fri,6,16,18,29,38,6,11,30241215.00,0
2021-05-18,Tue,5,13,38,39,40,4,12,40625089.00,0
2021-05-21,Fri,2,9,13,15,35,3,10,54934280.00,0
2021-05-25,Tue,1,21,26,30,38,2,8,65838496.00,0
2021-05-28,Fri,11,13,16,34,40,1,12,78620802.00,0
2021-06-01,Tue,3,10,26,35,44,6,7,88760288.00,0
2021-06-04,Fri,7,20,36,40,46,2,4,130000000.00,1
2021-06-08,Tue,2,11,26,36,47,7,9,17000000.00,0
2021-06-11,Fri,9,17,21,33,39,7,11,30382655.00,1
2021-06-15,Tue,11,21,26,30,31,2,3,17000000.00,0
2021-06-18,Fri,11,20,27,30,41,3,5,29998047.00,0
2021-06-22,Tue,6,24,26,27,41,3,8,39918304.00,0
2021-06-25,Fri,1,29,30,33,36,3,12,53683594.00,0
2021-06-29,Tue,6,12,20,24,48,5,6,64340127.00,0
2021-07-02,Fri,9,14,29,38,49,7,10,77959528.00,1
2021-07-06,Tue,2,5,21,27,42,9,11,17000000.00,1
2021-07-09,Fri,6,19,36,37,49,4,11,17000000.00,0
2021-07-13,Tue,5,6,8,11,22,3,4,26482986.00,1
2021-07-16,Fri,5,16,42,47,49,3,11,17000000.00,0
2021-07-20,Tue,3,12,19,41,48,6,9,26211196.00,0
2021-07-23,Fri,23,24,26,34,50,2,4,38825770.00,0
2021-07-27,Tue,5,9,19,21,25,10,12,48844837.00,0
2021-07-30,Fri,10,23,33,35,37,5,10,62793085.00,0
2021-08-03,Tue,17,21,23,45,46,7,11,72123753.00,0
2021-08-06,Fri,7,14,21,26,32,4,12,84880433.00,0
2021-08-10,Tue,9,37,47,48,49,2,7,95302087.00,0
2021-08-13,Fri,6,12,44,47,49,8,12,113156128.00,1
2021-08-17,Tue,12,31,41,42,47,4,6,17000000.00,0
2021-08-20,Fri,3,9,19,20,23,9,11,29593864.00,0
2021-08-24,Tue,19,21,36,44,50,3,10,39413483.00,0
2021-08-27,Fri,2,3,31,46,50,8,12,53070091.00,0
2021-08-31,Tue,5,13,17,32,43,2,10,63644286.00,1
2021-09-03,Fri,5,7,13,29,35,3,7,17000000.00,0
2021-09-07,Tue,7,19,35,42,43,7,9,26572332.00,1
2021-09-10,Fri,1,6,7,18,28,2,8,17000000.00,0
2021-09-14,Tue,12,18,35,38,45,2,8,26452496.00,0
2021-09-17,Fri,5,7,8,10,34,1,9,39791600.00,0
2021-09-21,Tue,20,25,26,30,38,2,8,50323000.00,0
2021-09-24,Fri,2,12,20,27,41,10,12,130000000.00,0
2021-09-28,Tue,6,7,12,33,39,1,7,144513199.00,0
2021-10-01,Fri,1,15,19,26,48,6,12,164139268.00,0
2021-10-05,Tue,11,13,14,36,45,7,9,180775500.00,0
2021-10-08,Fri,1,10,23,42,46,3,5,204959523.00,0
2021-10-12,Tue,6,13,22,45,49,10,11,220000000.00,0
2021-10-15,Fri,21,26,31,34,49,2,5,220000000.00,1
2021-10-19,Tue,4,20,36,40,41,1,6,17000000.00,0
2021-10-22,Fri,12,17,22,33,39,2,12,30765413.00,0
2021-10-26,Tue,12,15,20,42,44,1,2,41218951.00,0
2021-10-29,Fri,10,15,28,32,49,3,9,56130474.00,0
2021-11-02,Tue,2,3,17,29,43,1,4,67114273.00,0
2021-11-05,Fri,2,12,25,30,41,8,11,80098420.00,0
2021-11-09,Tue,17,25,26,33,36,1,8,90574742.00,0
2021-11-12,Fri,2,9,15,47,50,6,9,104804310.00,0
2021-11-16,Tue,9,19,21,32,36,3,4,116414664.00,0
2021-11-19,Fri,22,26,38,47,50,2,6,132310193.00,0
2021-11-23,Tue,17,21,36,42,46,7,10,145091098.00,0
2021-11-26,Fri,1,20,41,42,50,3,7,162289050.00,1
2021-11-30,Tue,19,20,26,33,43,1,4,17000000.00,0
2021-12-03,Fri,21,22,29,32,46,9,10,130000000.00,0
2021-12-07,Tue,22,31,38,46,47,7,11,143469842.00,1
2021-12-10,Fri,11,21,33,38,42,2,8,17000000.00,0
2021-12-14,Tue,19,21,37,47,48,3,6,27297367.00,0
2021-12-17,Fri,1,2,15,30,35,2,7,41402488.00,0
2021-12-21,Tue,12,17,21,34,38,2,3,52678478.00,0
2021-12-24,Fri,2,26,28,34,41,5,10,69443074.00,0
2021-12-28,Tue,4,6,15,17,29,9,12,79411191.00,1
2021-12-31,Fri,7,22,25,43,49,6,7,17571602.00,1
2022-01-04,Tue,18,28,35,36,41,6,11,17000000.00,0
2022-01-07,Fri,2,14,37,44,50,7,11,30434021.00,0
2022-01-11,Tue,4,23,32,33,44,9,12,41198749.00,0
2022-01-14,Fri,6,17,25,31,46,9,12,55802638.00,0
2022-01-18,Tue,3,12,19,24,30,2,5,67441797.00,1
2022-01-21,Fri,5,14,35,36,39,7,12,26158375.00,0
2022-01-25,Tue,6,16,18,39,47,2,4,36602485.00,0
2022-01-28,Fri,10,25,29,34,45,9,10,51355483.00,0
2022-02-01,Tue,1,19,36,38,49,6,9,62918725.00,0
2022-02-04,Fri,3,25,38,43,49,3,7,130000000.00,1
2022-02-08,Tue,6,20,34,37,43,7,10,17000000.00,0
2022-02-11,Fri,13,18,38,42,45,7,11,30928078.00,1
2022-02-15,Tue,9,20,31,33,44,2,12,17000000.00,0
2022-02-18,Fri,25,38,41,43,50,6,10,30386297.00,0
2022-02-22,Tue,5,9,14,26,32,3,7,40960814.00,0
2022-02-25,Fri,10,13,24,30,42,1,5,55111352.00,0
2022-03-01,Tue,8,24,26,39,42,3,5,65887876.00,0
2022-03-04,Fri,6,20,40,42,43,10,12,78587957.00,1
2022-03-08,Tue,12,18,21,25,31,2,9,17000000.00,0
2022-03-11,Fri,12,19,22,23,48,2,6,30105266.00,0
2022-03-15,Tue,1,2,12,19,26,2,8,40030704.00,0
2022-03-18,Fri,1,9,14,17,43,6,12,53651194.00,1
2022-03-22,Tue,7,17,21,29,40,8,11,17000000.00,0
2022-03-25,Fri,6,10,24,27,29,5,12,30608285.00,0
2022-03-29,Tue,8,11,33,42,43,6,11,40310864.00,0
2022-04-01,Fri,2,7,21,31,45,4,10,54338154.00,0
2022-04-05,Tue,1,11,13,24,49,5,6,64950730.00,0
2022-04-08,Fri,1,15,16,38,45,4,11,77113731.00,0
2022-04-12,Tue,21,30,31,35,47,2,10,86707525.00,0
2022-04-15,Fri,6,24,30,32,48,5,6,99284232.00,0
2022-04-19,Tue,2,12,17,28,46,6,10,109726011.00,0
2022-04-22,Fri,6,11,21,35,36,1,9,125443189.00,0
2022-04-26,Tue,4,25,28,34,45,8,11,138997634.00,0
2022-04-29,Fri,10,11,20,36,37,3,7,158670926.00,0
2022-05-03,Tue,8,20,26,47,48,3,8,174025283.00,0
2022-05-06,Fri,3,8,18,24,40,3,11,195426739.00,0
2022-05-10,Tue,3,25,27,28,29,4,9,215840341.00,1
2022-05-13,Fri,3,11,17,45,48,4,8,17000000.00,0
2022-05-17,Tue,5,28,30,48,49,5,11,26854990.00,0
2022-05-20,Fri,8,22,23,32,50,3,9,40361205.00,0
2022-05-24,Tue,10,13,27,36,37,2,10,50656220.00,1
2022-05-27,Fri,15,23,28,34,48,3,5,17000000.00,0
2022-05-31,Tue,3,10,13,42,49,3,9,26862123.00,0
2022-06-03,Fri,12,28,29,34,48,9,11,40193759.00,0
2022-06-07,Tue,6,16,17,25,31,2,6,50425091.00,0
2022-06-10,Fri,17,26,36,37,40,9,12,64382899.00,1
2022-06-14,Tue,2,7,27,34,40,3,11,17000000.00,0
2022-06-17,Fri,19,21,22,31,38,7,11,130000000.00,0
2022-06-21,Tue,6,23,36,39,47,8,10,143671414.00,0
2022-06-24,Fri,10,17,28,44,50,8,12,161066308.00,0
2022-06-28,Tue,10,35,42,47,48,2,11,175942220.00,0
2022-07-01,Fri,6,18,24,34,46,3,12,196414962.00,0
2022-07-05,Tue,7,10,25,45,48,3,6,215357108.00,0
2022-07-08,Fri,28,31,35,43,46,4,7,230000000.00,0
2022-07-12,Tue,14,18,24,25,50,6,11,230000000.00,0
2022-07-15,Fri,9,17,29,38,39,7,10,230000000.00,0
2022-07-19,Tue,6,23,27,40,41,2,12,230000000.00,1
2022-07-22,Fri,16,18,29,32,50,4,11,17000000.00,0
2022-07-26,Tue,3,5,17,25,27,1,9,27478522.00,0
2022-07-29,Fri,3,23,38,43,48,3,8,41717625.00,1
2022-08-02,Tue,7,18,28,40,48,8,11,17000000.00,0
2022-08-05,Fri,3,29,33,35,44,8,10,30356111.00,0
2022-08-09,Tue,18,19,21,27,47,5,11,40859540.00,0
2022-08-12,Fri,14,17,34,35,42,6,10,54932236.00,0
2022-08-16,Tue,10,14,25,32,39,7,8,65542062.00,0
2022-08-19,Fri,2,9,13,19,38,2,6,77782771.00,0
2022-08-23,Tue,19,26,31,39,48,2,3,87739478.00,0
2022-08-26,Fri,22,23,25,38,44,11,12,101607332.00,0
2022-08-30,Tue,4,6,10,15,19,1,4,112909220.00,0
2022-09-02,Fri,7,12,13,20,45,3,12,128491607.00,1
2022-09-06,Tue,7,10,22,29,44,4,5,17000000.00,0
2022-09-09,Fri,17,23,24,26,27,4,9,130000000.00,0
2022-09-13,Tue,9,12,15,40,47,1,11,143363071.00,0
2022-09-16,Fri,10,27,36,45,49,3,4,160585356.00,0
2022-09-20,Tue,11,21,23,32,48,3,12,174393431.00,0
2022-09-23,Fri,14,15,22,35,48,3,8,193007524.00,1
2022-09-27,Tue,4,20,21,34,44,1,3,17000000.00,0
2022-09-30,Fri,1,2,11,16,26,3,12,30779317.00,0
2022-10-04,Tue,3,18,28,42,43,3,12,41404202.00,0
2022-10-07,Fri,26,27,42,45,50,1,12,55925603.00,0
2022-10-11,Tue,8,23,32,35,40,1,8,67271821.00,0
2022-10-14,Fri,24,28,29,34,48,3,7,79886870.00,0
2022-10-18,Tue,3,5,13,42,48,1,6,89872400.00,0
2022-10-21,Fri,25,26,28,38,40,1,6,103645225.00,0
2022-10-25,Tue,7,24,34,39,46,1,6,115163196.00,0
2022-10-28,Fri,14,16,21,28,35,1,11,130427867.00,0
2022-11-01,Tue,19,37,42,47,48,1,6,142364827.00,0
2022-11-04,Fri,2,11,37,45,47,2,3,160788895.00,1
2022-11-08,Tue,3,5,32,33,50,1,8,17000000.00,0
2022-11-11,Fri,2,19,24,25,44,2,10,30268879.00,0
2022-11-15,Tue,13,21,24,31,33,1,12,40593926.00,0
2022-11-18,Fri,13,16,19,35,41,1,11,54718416.00,0
2022-11-22,Tue,21,22,24,29,42,3,11,65446418.00,0
2022-11-25,Fri,19,21,35,37,39,2,6,77861913.00,0
2022-11-29,Tue,15,20,24,35,38,8,12,87748883.00,0
2022-12-02,Fri,12,21,35,39,45,6,11,130000000.00,0
2022-12-06,Tue,12,20,25,26,27,8,12,142897164.00,1
2022-12-09,Fri,8,27,31,46,50,1,3,17000000.00,0
2022-12-13,Tue,3,9,12,26,30,10,11,27040539.00,0
2022-12-16,Fri,2,15,19,35,44,2,7,40613995.00,0
2022-12-20,Tue,1,11,17,20,27,4,5,51605931.00,1
2022-12-23,Fri,16,17,23,26,35,5,11,17000000.00,0
2022-12-27,Tue,19,31,33,34,43,3,5,26956990.00,1
2022-12-30,Fri,17,34,42,47,48,1,9,17000000.00,0
2023-01-03,Tue,20,21,29,45,46,3,10,26981449.00,0
2023-01-06,Fri,16,31,35,44,45,4,12,40092766.00,0
2023-01-10,Tue,11,13,34,40,42,3,10,51358215.00,0
2023-01-13,Fri,4,13,25,33,37,5,10,68825114.00,1
2023-01-17,Tue,18,21,30,46,50,2,6,17000000.00,0
2023-01-20,Fri,3,6,13,40,42,7,11,30055348.00,0
2023-01-24,Tue,11,27,41,43,47,7,11,40135672.00,0
2023-01-27,Fri,8,9,15,19,31,10,12,54426133.00,0
2023-01-31,Tue,7,12,19,33,43,3,7,66081021.00,1
2023-02-03,Fri,2,14,17,32,45,3,10,26903914.00,0
2023-02-07,Tue,2,8,34,44,47,3,9,37368401.00,0
2023-02-10,Fri,3,13,25,36,47,3,8,51805568.00,0
2023-02-14,Tue,24,26,38,43,46,2,3,63133766.00,0
2023-02-17,Fri,8,23,27,42,45,1,9,78038271.00,0
2023-02-21,Tue,21,22,34,41,49,2,7,87872368.00,0
2023-02-24,Fri,7,23,34,42,48,1,3,102242065.00,1
2023-02-28,Tue,12,29,33,37,47,5,10,17000000.00,0
2023-03-03,Fri,3,6,8,24,50,10,11,130000000.00,0
2023-03-07,Tue,11,13,24,35,50,6,11,144966361.00,1
2023-03-10,Fri,9,16,37,38,48,2,7,17000000.00,0
2023-03-14,Tue,16,26,28,31,46,11,12,27135288.00,0
2023-03-17,Fri,5,15,26,37,49,8,11,40979052.00,0
2023-03-21,Tue,1,9,20,29,32,2,3,51752818.00,0
2023-03-24,Fri,5,12,25,36,46,6,10,66287741.00,1
2023-03-28,Tue,16,21,34,36,44,9,10,17000000.00,0
2023-03-31,Fri,16,18,28,34,47,5,10,30291562.00,0
2023-04-04,Tue,10,16,31,33,50,3,8,40419101.00,0
2023-04-07,Fri,5,26,28,36,46,6,12,53926196.00,0
2023-04-11,Tue,10,14,16,19,29,2,10,64268424.00,0
2023-04-14,Fri,4,11,37,44,49,6,7,76614030.00,0
2023-04-18,Tue,17,21,23,35,37,10,11,86295887.00,0
2023-04-21,Fri,7,8,18,33,42,2,8,101652719.00,0
2023-04-25,Tue,10,29,30,40,45,1,12,113203135.00,0
2023-04-28,Fri,11,13,16,23,34,1,10,129017022.00,0
2023-05-02,Tue,7,32,44,47,48,7,8,141358073.00,0
2023-05-05,Fri,3,8,18,34,49,3,7,159123225.00,1
2023-05-09,Tue,13,17,21,28,46,7,9,17000000.00,0
2023-05-12,Fri,9,10,13,39,44,4,6,30501494.00,0
2023-05-16,Tue,4,6,9,14,37,4,11,40834212.00,0
2023-05-19,Fri,18,27,34,41,49,3,9,54581705.00,0
2023-05-23,Tue,5,6,14,23,34,2,11,65331075.00,0
2023-05-26,Fri,15,25,37,38,41,1,7,77603769.00,0
2023-05-30,Tue,27,29,32,33,47,2,8,87066382.00,0
2023-06-02,Fri,3,12,15,25,43,10,11,130000000.00,1
2023-06-06,Tue,13,21,32,39,50,2,10,17000000.00,0
2023-06-09,Fri,18,26,36,41,50,11,12,29999077.00,0
2023-06-13,Tue,15,16,21,41,50,5,6,39998137.00,0
2023-06-16,Fri,7,26,34,41,44,9,11,53695272.00,0
2023-06-20,Tue,11,17,28,32,35,5,6,64343648.00,1
2023-06-23,Fri,1,3,11,33,46,10,11,17000000.00,0
2023-06-27,Tue,17,22,23,27,44,1,7,26366576.00,0
2023-06-30,Fri,1,6,25,29,36,7,10,39350951.00,0
2023-07-04,Tue,14,17,23,36,44,2,8,49799831.00,0
2023-07-07,Fri,2,11,12,19,38,4,8,63819633.00,0
2023-07-11,Tue,2,11,28,42,48,4,9,73242322.00,1
2023-07-14,Fri,5,8,29,35,48,5,6,17000000.00,0
2023-07-18,Tue,4,12,34,35,45,1,9,26319523.00,0
2023-07-21,Fri,7,31,33,35,36,7,10,38938247.00,0
2023-07-25,Tue,5,7,11,27,37,6,12,48942250.00,0
2023-07-28,Fri,7,32,33,34,38,6,9,62712326.00,0
2023-08-01,Tue,25,27,35,40,45,7,11,72144196.00,1
2023-08-04,Fri,15,20,31,44,48,1,3,17000000.00,0
2023-08-08,Tue,8,9,33,35,40,3,6,26419369.00,0
2023-08-11,Fri,4,6,10,13,34,3,5,39046910.00,0
2023-08-15,Tue,3,5,9,32,43,6,10,48439436.00,0
2023-08-18,Fri,23,25,30,44,47,9,12,61993456.00,0
2023-08-22,Tue,2,9,23,32,40,6,7,71241834.00,0
2023-08-25,Fri,16,17,34,35,44,5,10,83895709.00,0
2023-08-29,Tue,21,23,32,40,49,8,11,94132132.00,0
2023-09-01,Fri,4,5,35,37,43,5,6,109268140.00,1
2023-09-05,Tue,1,7,24,41,48,10,12,17000000.00,0
2023-09-08,Fri,10,20,21,26,33,3,4,29856760.00,0
2023-09-12,Tue,5,14,36,40,42,2,11,39749427.00,0
2023-09-15,Fri,12,14,21,45,48,8,11,54951738.00,1
2023-09-19,Tue,10,15,31,41,42,2,5,17000000.00,0
2023-09-22,Fri,3,23,24,34,35,5,8,30052281.00,0
2023-09-26,Tue,2,6,14,19,23,5,7,40110282.00,0
2023-09-29,Fri,9,11,13,21,32,2,7,130000000.00,1
2023-10-03,Tue,6,20,22,24,45,4,5,17000000.00,0
2023-10-06,Fri,21,29,31,34,43,2,9,30163856.00,0
2023-10-10,Tue,18,20,22,33,43,3,9,40033037.00,0
2023-10-13,Fri,21,26,28,40,41,2,4,56657304.00,0
2023-10-17,Tue,10,17,20,35,40,3,4,67318140.00,1
2023-10-20,Fri,2,20,28,40,45,1,5,17000000.00,0
2023-10-24,Tue,8,16,18,31,34,6,9,26274769.00,1
2023-10-27,Fri,29,33,35,48,49,3,8,17000000.00,1
2023-10-31,Tue,5,7,20,40,50,2,10,17000000.00,0
2023-11-03,Fri,8,21,31,39,47,5,9,31218086.00,1
2023-11-07,Tue,8,10,11,30,39,4,10,17000000.00,0
2023-11-10,Fri,10,21,30,38,42,2,12,29442596.00,0
2023-11-14,Tue,13,16,36,44,50,3,5,38766955.00,0
2023-11-17,Fri,2,24,26,46,50,2,7,51871164.00,0
2023-11-21,Tue,19,29,34,46,47,2,3,61945882.00,0
2023-11-24,Fri,15,20,29,39,48,1,7,73689177.00,0
2023-11-28,Tue,12,16,27,33,44,7,8,83068817.00,1
2023-12-01,Fri,4,10,14,38,50,9,12,200000000.00,0
2023-12-05,Tue,4,6,20,24,25,5,9,218859088.00,0
2023-12-08,Fri,17,30,42,48,50,4,8,240000000.00,1
2023-12-12,Tue,6,28,37,39,43,9,12,17000000.00,0
2023-12-15,Fri,2,13,37,38,48,5,9,30315474.00,0
2023-12-19,Tue,10,20,41,43,45,2,12,40468227.00,0
2023-12-22,Fri,6,14,34,44,49,4,12,55662868.00,1
2023-12-26,Tue,8,27,30,35,47,9,10,17000000.00,0
2023-12-29,Fri,2,3,19,36,37,6,9,30547317.00,0
2024-01-02,Tue,7,15,18,46,49,10,12,40104043.00,0
2024-01-05,Fri,4,7,18,39,50,3,8,53860693.00,0
2024-01-09,Tue,2,9,12,39,40,1,3,64655930.00,0
2024-01-12,Fri,16,17,18,45,49,9,12,78232869.00,0
2024-01-16,Tue,10,18,21,33,45,8,12,87952574.00,1
2024-01-19,Fri,27,28,44,48,50,7,12,17000000.00,1
2024-01-23,Tue,14,23,39,48,50,3,12,17000000.00,0
2024-01-26,Fri,8,19,32,41,42,9,12,130000000.00,0
2024-01-30,Tue,5,10,19,27,30,5,6,144549616.00,1
2024-02-02,Fri,13,20,23,27,42,5,9,17000000.00,0
2024-02-06,Tue,2,7,21,28,45,5,11,26671243.00,0
2024-02-09,Fri,23,24,35,37,45,9,12,39863292.00,0
2024-02-13,Tue,13,17,18,20,46,4,9,50200268.00,0
2024-02-16,Fri,8,13,14,24,26,1,2,64205788.00,0
2024-02-20,Tue,23,31,37,42,48,3,7,73448160.00,1
2024-02-23,Fri,24,27,28,30,49,1,12,17000000.00,0
2024-02-27,Tue,3,4,9,12,20,5,6,26481832.00,0
2024-03-01,Fri,4,7,19,20,34,2,4,39478163.00,0
2024-03-05,Tue,2,15,17,23,36,3,8,49724673.00,0
2024-03-08,Fri,8,11,12,16,44,4,7,63706419.00,0
2024-03-12,Tue,13,19,30,38,46,4,12,72905622.00,0
2024-03-15,Fri,1,4,31,34,40,4,5,130000000.00,1
2024-03-19,Tue,7,16,18,20,32,1,3,17000000.00,0
2024-03-22,Fri,8,11,23,32,44,9,10,29416867.00,0
2024-03-26,Tue,2,13,14,26,29,5,6,38982717.00,0
2024-03-29,Fri,16,17,35,36,49,1,10,52158877.00,0
2024-04-02,Tue,1,23,31,36,48,5,8,61841233.00,0
2024-04-05,Fri,13,18,26,35,37,8,11,73573473.00,0
2024-04-09,Tue,19,23,26,27,46,2,10,82919693.00,0
2024-04-12,Fri,2,3,12,16,45,2,11,95455077.00,0
2024-04-16,Tue,22,29,31,39,46,3,7,106321540.00,0
2024-04-19,Fri,10,20,40,44,46,1,3,121428317.00,0
2024-04-23,Tue,6,9,11,32,49,2,10,133997921.00,0
2024-04-26,Fri,2,20,39,40,47,4,8,152030614.00,0
2024-04-30,Tue,13,22,24,33,47,1,5,166790050.00,1
2024-05-03,Fri,6,9,10,30,49,3,4,17000000.00,0
2024-05-07,Tue,35,36,41,42,45,6,11,26436748.00,0
2024-05-10,Fri,13,28,29,44,48,4,12,38735491.00,0
2024-05-14,Tue,2,8,17,28,35,7,9,48748900.00,1
2024-05-17,Fri,18,31,32,41,46,1,10,17000000.00,0
2024-05-21,Tue,11,13,14,34,48,7,9,25835023.00,0
2024-05-24,Fri,9,12,18,22,50,1,3,38150341.00,0
2024-05-28,Tue,16,18,35,36,41,6,7,47755445.00,0
2024-05-31,Fri,4,7,16,33,34,7,8,61212842.00,0
2024-06-04,Tue,6,7,9,14,43,3,4,70207869.00,0
2024-06-07,Fri,15,16,26,30,37,5,8,130000000.00,0
2024-06-11,Tue,7,15,34,45,48,7,9,143550510.00,0
2024-06-14,Fri,2,13,16,24,32,1,7,161234811.00,0
2024-06-18,Tue,3,11,33,34,36,1,12,176125264.00,0
2024-06-21,Fri,3,4,7,11,17,3,12,195721466.00,0
2024-06-25,Tue,14,16,37,45,49,5,7,213887390.00,1
2024-06-28,Fri,10,16,18,22,35,1,10,17000000.00,0
2024-07-02,Tue,2,7,34,35,46,6,8,26534528.00,0
2024-07-05,Fri,11,13,29,31,47,1,11,39132032.00,1
2024-07-09,Tue,6,15,19,28,39,7,11,17000000.00,0
2024-07-12,Fri,12,18,24,25,39,8,10,29128125.00,0
2024-07-16,Tue,2,32,35,36,39,7,8,38567424.00,0
2024-07-19,Fri,15,22,35,44,48,6,7,52363998.00,1
2024-07-23,Tue,4,8,10,16,34,4,8,17000000.00,0
2024-07-26,Fri,4,19,23,35,37,4,8,28649442.00,1
2024-07-30,Tue,9,25,28,37,38,2,8,17000000.00,0
2024-08-02,Fri,5,7,12,33,46,3,12,28776998.00,0
2024-08-06,Tue,1,18,27,41,50,2,12,38085988.00,0
2024-08-09,Fri,21,23,25,33,44,4,10,50649440.00,0
2024-08-13,Tue,15,16,39,40,47,1,6,60887191.00,0
2024-08-16,Fri,15,17,29,45,49,1,10,72769716.00,0
2024-08-20,Tue,7,10,13,18,26,3,12,81964326.00,0
2024-08-23,Fri,9,15,24,47,50,8,9,94498718.00,0
2024-08-27,Tue,1,8,11,42,47,4,11,104936241.00,0
2024-08-30,Fri,3,24,27,33,42,4,6,119772690.00,0
2024-09-03,Tue,7,9,11,16,45,2,5,132447715.00,0
2024-09-06,Fri,12,14,34,41,47,3,4,149017789.00,1
2024-09-10,Tue,6,29,46,47,48,2,9,17000000.00,0
2024-09-13,Fri,10,15,17,31,42,4,12,31511704.00,0
2024-09-17,Tue,20,30,32,41,44,1,10,41391923.00,0
2024-09-20,Fri,16,25,29,34,37,3,7,54712555.00,0
2024-09-24,Tue,18,20,21,36,49,3,5,65337927.00,0
2024-09-27,Fri,7,20,21,27,38,5,12,130000000.00,0
2024-10-01,Tue,8,22,29,41,42,9,11,143969599.00,0
2024-10-04,Fri,4,8,16,17,20,1,6,162256512.00,1
2024-10-08,Tue,7,14,19,34,40,6,8,17000000.00,0
2024-10-11,Fri,16,23,32,46,49,4,5,29821152.00,0
2024-10-15,Tue,2,15,32,36,48,3,9,39530015.00,0
2024-10-18,Fri,4,15,23,30,39,1,12,53040810.00,0
2024-10-22,Tue,3,13,27,30,46,1,2,63353583.00,0
2024-10-25,Fri,4,17,20,25,45,8,9,76313062.00,0
2024-10-29,Tue,1,2,19,30,45,10,12,85747959.00,0
2024-11-01,Fri,7,33,38,44,50,2,7,98005009.00,0
2024-11-05,Tue,1,8,19,37,50,6,9,109544201.00,0
2024-11-08,Fri,2,33,35,42,48,1,3,124837601.00,0
2024-11-12,Tue,10,11,12,22,50,1,10,137211026.00,0
2024-11-15,Fri,7,8,34,39,44,2,6,153801395.00,0
2024-11-19,Tue,4,13,20,28,49,7,12,167885088.00,0
2024-11-22,Fri,10,11,12,29,31,8,11,194669133.00,0
2024-11-26,Tue,7,11,25,31,40,9,12,212448937.00,1
2024-11-29,Fri,8,17,18,29,43,5,9,17000000.00,0
2024-12-03,Tue,23,25,34,46,47,6,8,27018617.00,0
2024-12-06,Fri,14,25,39,44,47,6,10,40367384.00,0
2024-12-10,Tue,5,24,25,29,47,5,9,50987545.00,0
2024-12-13,Fri,1,15,25,42,50,4,10,67852509.00,0
2024-12-17,Tue,1,3,4,21,29,2,7,77557137.00,1
2024-12-20,Fri,10,14,21,33,50,6,9,17000000.00,0
2024-12-24,Tue,6,10,16,23,24,11,12,28754036.00,0
2024-12-27,Fri,12,22,27,33,45,4,8,41205363.00,1
2024-12-31,Tue,19,24,26,28,33,8,12,17000000.00,0
2025-01-03,Fri,3,19,29,35,37,1,9,29139979.00,0
2025-01-07,Tue,20,33,35,41,47,4,12,39138031.00,0
2025-01-10,Fri,12,27,36,37,42,6,7,52905618.00,0
2025-01-14,Tue,18,20,29,41,48,5,9,63894652.00,0
2025-01-17,Fri,8,15,24,35,42,6,8,76208290.00,0
2025-01-21,Tue,6,8,14,27,41,4,5,85948097.00,0
2025-01-24,Fri,2,11,19,30,49,3,8,99397573.00,1
2025-01-28,Tue,9,37,41,42,49,1,9,17000000.00,0
2025-01-31,Fri,22,30,41,44,49,2,7,29691765.00,0
2025-02-04,Tue,3,4,29,39,43,5,10,39688311.00,0
2025-02-07,Fri,10,23,24,29,45,8,10,53335818.00,0
2025-02-11,Tue,3,21,36,41,46,1,6,64222634.00,0
2025-02-14,Fri,4,14,31,36,38,3,10,78450739.00,1
2025-02-18,Tue,5,14,25,26,40,5,7,17000000.00,0
2025-02-21,Fri,1,3,11,20,43,2,11,29270259.00,0
2025-02-25,Tue,17,22,23,24,44,6,11,38919455.00,0
2025-02-28,Fri,7,16,31,43,46,5,9,52448674.00,1
2025-03-04,Tue,15,20,29,35,42,2,9,17000000.00,0
2025-03-07,Fri,6,10,27,32,48,3,8,130000000.00,0
2025-03-11,Tue,13,36,37,42,47,7,11,144588956.00,0
2025-03-14,Fri,8,10,33,35,49,2,9,163297044.00,0
2025-03-18,Tue,4,9,35,46,50,8,11,179328993.00,0
2025-03-21,Fri,9,17,18,21,50,5,12,200584076.00,0
2025-03-25,Tue,1,3,18,33,36,2,6,220427177.00,0
2025-03-28,Fri,10,21,30,42,45,1,9,250000000.00,1
2025-04-01,Tue,9,24,30,46,49,4,12,17000000.00,0
2025-04-04,Fri,27,39,41,45,50,5,7,30117535.00,1
2025-04-08,Tue,3,14,15,48,49,1,7,17000000.00,0
2025-04-11,Fri,14,28,34,46,49,3,8,29653056.00,0
2025-04-15,Tue,3,31,33,38,44,6,12,39576503.00,0
2025-04-18,Fri,20,27,35,39,48,3,8,52448887.00,0
2025-04-22,Tue,7,28,33,37,47,9,12,62465228.00,0
2025-04-25,Fri,13,22,32,39,41,1,12,74400108.00,0
2025-04-29,Tue,2,9,24,30,41,1,11,83786487.00,0
2025-05-02,Fri,3,5,19,21,49,1,10,97254382.00,0
2025-05-06,Tue,8,23,24,47,48,4,9,108197286.00,0
2025-05-09,Fri,15,18,25,29,47,5,9,123011264.00,0
2025-05-13,Tue,9,19,44,47,50,2,9,135332717.00,0
2025-05-16,Fri,6,9,25,37,46,6,12,151408194.00,0
2025-05-20,Tue,1,8,13,29,47,5,6,164911120.00,0
2025-05-23,Fri,10,29,43,46,49,7,12,182346242.00,0
2025-05-27,Tue,12,30,38,40,41,4,12,198011280.00,0
2025-05-30,Fri,4,7,14,33,36,1,5,218316096.00,0
2025-06-03,Tue,12,15,38,47,48,5,7,238816942.00,0
2025-06-06,Fri,20,21,29,30,35,2,12,250000000.00,0
2025-06-10,Tue,19,36,39,40,45,5,6,250000000.00,0
2025-06-13,Fri,2,28,40,43,45,3,7,250000000.00,0
2025-06-17,Tue,13,22,23,44,49,3,5,250000000.00,1
2025-06-20,Fri,5,8,24,37,47,3,9,17000000.00,0
2025-06-24,Tue,7,16,21,23,39,7,11,26938273.00,0
2025-06-27,Fri,19,27,36,45,49,7,10,40322654.00,0
2025-07-01,Tue,1,17,28,32,34,7,8,51016731.00,0
2025-07-04,Fri,19,29,42,45,48,5,7,64874337.00,0
2025-07-08,Tue,1,8,9,18,50,1,5,74533673.00,0
2025-07-11,Fri,8,23,24,45,49,2,10,86799585.00,0
2025-07-15,Tue,24,38,41,45,49,1,6,96858365.00,0
2025-07-18,Fri,13,19,25,42,45,2,9,111646530.00,0
2025-07-22,Tue,8,15,26,33,41,9,10,123233143.00,0
2025-07-25,Fri,6,7,23,32,36,11,12,137766680.00,0
2025-07-29,Tue,5,6,42,44,46,4,8,150232733.00,0
2025-08-01,Fri,4,16,25,29,30,2,10,166241768.00,0
2025-08-05,Tue,1,3,5,42,47,5,10,179818189.00,0
2025-08-08,Fri,2,12,19,34,44,6,10,197504622.00,0
2025-08-12,Tue,18,28,42,46,48,3,9,213114756.00,0
2025-08-15,Fri,13,30,35,36,40,2,6,232174804.00,0
2025-08-19,Tue,24,31,34,41,43,6,8,250000000.00,1
2025-08-22,Fri,6,9,12,30,39,4,10,17000000.00,0
2025-08-26,Tue,2,14,38,42,45,10,11,26800624.00,0
2025-08-29,Fri,6,9,10,13,37,1,7,40112808.00,0
2025-09-02,Tue,13,30,31,32,36,1,12,51026993.00,0
2025-09-05,Fri,27,30,31,41,43,5,8,65278573.00,1
2025-09-09,Tue,3,13,24,39,40,2,8,17000000.00,0
2025-09-12,Fri,5,10,23,31,37,3,11,29758912.00,0
2025-09-16,Tue,1,9,13,35,40,5,6,39929184.00,0
2025-09-19,Fri,8,10,26,32,42,9,12,53344251.00,0
2025-09-23,Tue,11,13,24,29,33,2,5,64176450.00,0
2025-09-26,Fri,4,17,25,28,44,5,11,130000000.00,1
2025-09-30,Tue,3,8,15,17,48,2,8,17000000.00,0
2025-10-03,Fri,6,12,18,25,41,2,6,29922038.00,1
2025-10-07,Tue,24,39,42,43,48,5,8,17000000.00,0
2025-10-10,Fri,6,7,17,20,21,1,10,29671390.00,1
2025-10-14,Tue,5,8,14,16,18,3,10,17000000.00,0
2025-10-17,Fri,13,35,39,44,47,3,5,29398730.00,0
2025-10-21,Tue,5,24,29,40,42,6,12,39082377.00,0
2025-10-24,Fri,7,8,25,31,45,7,12,52225106.00,0
2025-10-28,Tue,7,8,24,35,49,2,12,62577973.00,0
2025-10-31,Fri,5,14,38,43,45,7,11,75635350.00,0
2025-11-04,Tue,6,9,25,28,45,1,4,85169986.00,0
2025-11-07,Fri,11,21,39,40,43,2,8,98027155.00,0
2025-11-11,Tue,4,22,32,36,47,2,10,108416075.00,0
2025-11-14,Fri,9,26,27,45,48,8,9,122611491.00,0
2025-11-18,Tue,2,4,15,21,48,6,12,134404955.00,0
2025-11-21,Fri,17,19,29,35,48,5,9,149510047.00,0
2025-11-25,Tue,6,11,17,35,44,3,7,162134413.00,0
2025-11-28,Fri,5,29,33,39,42,3,9,178656733.00,1
2025-12-02,Tue,4,13,14,20,41,6,12,17000000.00,0
2025-12-05,Fri,9,15,25,34,46,8,12,130000000.00,0
2025-12-09,Tue,2,8,13,29,49,2,11,142433804.00,1
2025-12-12,Fri,7,25,30,37,41,5,11,17000000.00,1
2025-12-16,Tue,14,16,40,41,44,2,10,17000000.00,0
2025-12-19,Fri,17,21,39,43,44,1,11,29984493.00,0
2025-12-23,Tue,8,26,27,29,44,11,12,41432000.00,0
2025-12-26,Fri,12,22,32,36,48,3,4,54026007.00,1
2025-12-30,Tue,11,26,29,34,44,1,10,17000000.00,0
2026-01-02,Fri,8,27,42,44,46,1,10,30879489.00,0
2026-01-06,Tue,5,14,17,18,31,10,12,40421786.00,0
2026-01-09,Fri,1,7,10,26,34,2,4,53787880.00,0
2026-01-13,Tue,6,10,18,44,47,2,10,64537877.00,0
2026-01-16,Fri,5,17,24,29,50,5,10,77334734.00,0
2026-01-20,Tue,11,18,19,22,50,1,11,86841907.00,0
2026-01-23,Fri,4,5,13,21,42,3,10,99679548.00,0
2026-01-27,Tue,4,23,42,43,47,3,9,109599909.00,0
2026-01-30,Fri,14,18,31,35,46,7,11,123555827.00,1
2026-02-03,Tue,26,27,28,34,37,4,9,17000000.00,0
2026-02-06,Fri,10,13,20,23,24,6,11,29158205.00,0
2026-02-10,Tue,1,17,19,34,42,5,8,38673992.00,0
2026-02-13,Fri,9,13,31,37,40,6,9,53818195.00,0
2026-02-17,Tue,1,4,6,10,41,5,12,64273805.00,0
2026-02-20,Fri,13,24,28,33,35,5,9,130000000.00,0
2026-02-24,Tue,10,27,40,43,47,6,10,142871092.00,0
2026-02-27,Fri,14,24,27,39,42,6,10,159922317.00,0
2026-03-03,Tue,6,7,24,34,50,5,7,174135421.00,0
2026-03-06,Fri,15,16,19,28,37,6,9,192898115.00,0
2026-03-10,Tue,12,14,27,44,50,4,12,209527211.00,1
2026-03-13,Fri,13,17,26,41,48,4,10,17000000.00,0
2026-03-17,Tue,5,17,28,33,41,3,9,26669837.00,0
2026-03-20,Fri,5,12,16,37,46,8,10,39347116.00,0
2026-03-24,Tue,12,16,17,18,27,1,3,49282215.00,0
2026-03-27,Fri,4,10,43,44,48,2,4,62831919.00,0
2026-03-31,Tue,5,8,10,33,38,2,7,71981309.00,0
2026-04-03,Fri,8,27,29,46,49,2,10,83409094.00,0
2026-04-07,Tue,11,14,19,36,49,6,7,92558766.00,0
2026-04-10,Fri,10,13,14,38,41,6,9,105639575.00,0
2026-04-14,Tue,1,2,4,28,44,5,12,116712657.00,0
2026-04-17,Fri,22,23,28,41,47,6,8,132281196.00,0
2026-04-21,Tue,13,16,29,40,47,3,4,144525198.00,1
2026-04-24,Fri,25,26,30,40,45,1,5,17000000.00,0
2026-04-28,Tue,26,29,41,46,47,8,9,26211265.00,0
2026-05-01,Fri,3,9,42,46,47,1,11,39355091.00,0
2026-05-05,Tue,3,4,8,20,31,6,8,49453599.00,0
2026-05-08,Fri,2,17,19,34,37,8,11,62875957.00,0
2026-05-12,Tue,4,26,32,35,36,5,7,71851521.00,0
2026-05-15,Fri,3,10,38,41,43,2,9,83287333.00,0
2026-05-19,Tue,2,12,20,38,45,2,5,92722477.00,0
2026-05-22,Fri,6,22,26,31,37,5,8,105432709.00,0
2026-05-26,Tue,6,23,25,35,37,6,12,115489593.00,0
2026-05-29,Fri,5,14,18,31,35,2,12,129806398.00,0
2026-06-02,Tue,6,9,17,18,42,7,9,142961067.00,0
2026-06-05,Fri,5,6,16,17,49,2,12,160606603.00,0
2026-06-09,Tue,2,7,23,44,46,3,5,174984088.00,1
2026-06-12,Fri,4,7,14,22,23,1,7,17000000.00,0
2026-06-16,Tue,18,25,31,37,45,4,9,26335225.00,0
2026-06-19,Fri,8,34,39,41,42,2,7,38328110.00,0
2026-06-23,Tue,3,33,36,45,46,5,6,47884520.00,0
2026-06-26,Fri,6,16,26,34,35,11,12,60301678.00,0
2026-06-30,Tue,1,8,37,44,48,2,6,68943918.00,0
2026-07-03,Fri,2,12,17,25,39,1,2,80220498.00,1
2026-07-07,Tue,5,29,33,45,47,5,8,17000000.00,0
2026-07-10,Fri,2,14,28,33,48,8,10,28471142.00,0
2026-07-14,Tue,10,19,37,42,47,9,12,37595911.00,0
2026-07-17,Fri,12,21,23,34,40,9,10,49675417.00,0
2026-07-21,Tue,2,3,8,28,39,2,11,59257960.00,0
2026-07-24,Fri,8,10,30,36,47,1,4,69648921.00,0
2026-07-28,Tue,5,7,24,30,49,10,11,78058189.00,0
2026-07-31,Fri,10,24,25,31,45,4,5,89099379.00,0
2026-08-04,Tue,25,30,34,46,50,1,12,98388109.00,0
2026-08-07,Fri,26,29,35,38,47,1,2,111058174.00,1
2026-08-11,Tue,3,11,17,46,48,1,2,17000000.00,0
2026-08-14,Fri,5,29,39,48,49,4,8,28262871.00,0
2026-08-18,Tue,3,9,38,40,50,6,10,37281625.00,0
2026-08-21,Fri,10,14,15,19,45,4,12,49336597.00,0
2026-08-25,Tue,8,16,30,47,48,4,9,59028812.00,0
2026-08-28,Fri,7,14,28,42,45,6,9,69603022.00,0
